'Abegweit','105','108','9','5','0','0','0','0','0','0','63','84','374'
'Lennox Island','199','191','0','9','0','0','0','0','1','0','252','303','955'
'Elsipogtog First Nation','1301','1 253','28','16','0','0','0','0','0','0','331','404','3333'
'Buctouche MicMac','48','30','0','1','0','0','0','0','0','0','19','24','122'
'Esgenoopetitj First Nation','661','663','16','24','0','0','0','0','0','0','243','287','1 894'
'Madawaska Maliseet First Nation','78','76','0','0','0','0','0','0','0','0','111','104','369'
'Eel Ground','289','296','8','7','0','0','0','0','0','0','229','234','1 063'
'Eel River Bar First Nation','168','181','7','8','0','0','0','0','0','0','177','201','742'
'Fort Folly','11','24','0','0','0','0','0','0','0','1','45','50','131'
'Indian Island','49','58','1','0','0','0','0','0','0','0','34','48','190'
'Kingsclear','337','384','0','0','0','0','1','0','0','0','145','164','1 031'
'Oromocto','162','154','0','2','0','0','0','0','0','0','161','207','686'
'Pabineau','57','45','0','2','0','0','0','0','0','0','107','100','311'
'Metepenagiag Mi''kmaq Nation','221','209','13','16','0','0','0','0','0','0','93','123','675'
'Saint Mary''s','424','445','20','26','0','0','0','1','1','0','446','548','1 911'
'Tobique','753','779','4','2','0','0','0','0','1','0','384','443','2 366'
'Woodstock','177','113','2','2','0','0','0','0','0','0','320','433','1 047'
'Acadia','108','122','2','0','0','0','0','0','1','2','626','663','1 524'
'Paqtnkek Mi''kmaw Nation','187','217','10','18','0','0','0','0','0','0','61','80','573'
'Annapolis Valley','64','53','0','0','0','0','0','0','0','0','69','104','290'
'Bear River','47','63','0','0','0','0','0','0','0','0','111','117','338'
'Potlotek First Nation','281','271','16','19','0','0','0','0','0','0','63','77','727'
'Eskasoni','1 861','1 919','15','16','0','0','1','0','0','0','290','341','4 443'
'Pictou Landing','233','250','11','12','0','0','0','0','0','0','82','75','663'
'SIPEKNE''KATIK','598','670','34','32','0','0','1','0','6','6','612','686','2 645'
'Membertou','458','446','19','22','0','0','0','0','1','2','279','273','1 500'
'Millbrook','435','437','23','13','0','1','1','1','1','0','441','475','1 828'
'Wagmatcook','316','310','19','23','0','0','0','0','0','0','78','106','852'
'Waycobah First Nation','439','444','14','19','1','1','0','0','0','0','34','47','999'
'Glooscap First Nation','30','64','0','1','0','0','0','0','0','0','137','143','375'
'Mushuau Innu First Nation','451','481','0','1','0','0','0','0','0','0','35','44','1 012'
'Sheshatshiu Innu First Nation','729','727','9','5','0','0','0','0','0','0','64','101','1 635'
'Qalipu Mi''kmaq First Nation','0','0','0','1','0','0','0','0','7','6','12 234','12 499','24 747'
'Miawpukek','452','390','0','0','0','0','0','0','0','1','1 087','1 099','3 029'
'Nation Huronne Wendat','726','776','1','3','0','0','0','0','0','0','1 172','1 364','4 042'
'Listuguj Mi''gmaq Government','1 051','1 010','16','15','0','0','0','0','0','0','863','1 070','4 025'
'Micmacs of Gesgapegiag','362','327','8','9','0','0','0','0','0','0','362','432','1 500'
'La Nation Micmac de Gespeg','0','0','0','0','0','0','0','0','0','0','381','407','788'
'Première Nation Malecite de Viger','0','0','1','0','0','0','0','0','0','0','573','617','1 191'
'Conseil de la Première Nation Abitibiwinni','260','314','15','13','0','0','0','0','0','0','228','231','1 061'
'Waswanipi','832','767','66','41','0','0','3','6','4','5','206','267','2 197'
'Eastmain','396','377','29','30','0','0','0','0','1','1','19','26','879'
'Cree Nation of Chisasibi','2 153','2 147','71','60','0','0','1','0','0','0','70','102','4 604'
'Cree Nation of Nemaska','356','358','30','21','0','0','0','0','0','0','12','11','788'
'Cree Nation of Wemindji','688','713','20','20','0','0','4','2','1','1','60','75','1 584'
'The Crees of the Waskaganish First Nation','1 113','1 115','77','72','0','0','0','1','0','2','239','223','2 842'
'Communauté anicinape de Kitcisakik','12','2','14','10','177','194','0','1','0','0','47','40','497'
'Nation Anishnabe du Lac Simon','871','834','15','31','4','7','4','2','0','0','183','208','2 159'
'Timiskaming First Nation','301','293','3','5','0','0','1','0','1','1','699','832','2 136'
'Eagle Village First Nation - Kipawa','148','140','0','0','0','0','0','0','0','0','349','361','998'
'Long Point First Nation','0','0','9','11','228','226','1','1','0','2','175','212','865'
'Wolf Lake','0','0','2','4','0','0','0','0','0','0','113','113','232'
'Mohawks of Kanesatake','645','725','8','14','0','0','1','1','0','1','519','601','2 515'
'Mohawks of Kahnawá:ke','3 913','4 074','12','5','0','0','0','0','4','2','1 398','1 621','11 029'
'Première Nation des Abénakis de Wôlinak','29','56','0','0','0','0','0','0','0','0','123','146','354'
'Odanak','143','153','0','0','0','0','0','0','0','0','1 009','1 168','2 473'
'Kitigan Zibi Anishinabeg','806','800','7','15','0','0','1','1','0','0','731','902','3 263'
'Algonquins of Barriere Lake','154','142','11','18','151','145','1','3','0','0','78','88','791'
'Cree Nation of Mistissini','1 812','1 811','60','62','0','0','1','1','7','5','112','129','4 000'
'Montagnais du Lac St-Jean','1 041','1 010','11','14','0','0','0','0','2','0','2 162','2 386','6 626'
'Conseil des Atikamekw de Wemotaci','749','701','17','14','0','0','0','0','0','0','221','226','1 928'
'Les Atikamekw de Manawan','1 261','1 206','17','9','0','0','0','0','0','0','177','242','2 912'
'Atikamekw d''Opitciwan','1 314','1 069','22','15','0','0','0','0','0','1','248','292','2 961'
'Innu Takuaikan Uashat Mak Mani-Utenam','1 742','1 763','27','21','1','5','0','0','0','0','508','557','4 624'
'Naskapi Nation of Kawawachikamach','347','324','14','20','0','0','0','0','0','2','32','34','773'
'Les Innus de Ekuanitshit','282','312','5','3','0','0','0','0','0','0','15','16','633'
'Montagnais de Natashquan','531','485','5','5','0','0','1','0','0','0','33','60','1 120'
'Montagnais de Unamen Shipu','558','554','13','8','2','1','0','0','0','0','24','20','1 180'
'Bande des Innus de Pessamit','1 375','1 444','28','37','0','0','0','0','1','1','477','591','3 954'
'Innue Essipit','103','104','0','0','0','0','0','0','0','0','255','285','747'
'La Nation Innu Matimekush-Lac John','406','406','29','29','0','0','0','0','0','0','61','57','988'
'Montagnais de Pakua Shipi','2','0','8','10','185','162','0','0','0','0','3','5','375'
'Oujé-Bougoumou Cree Nation','89','100','8','7','0','0','0','3','322','318','13','17','877'
'Première nation de Whapmagoostui','484','456','4','8','0','0','1','0','0','1','15','13','982'
'Mississaugas of the Credit','455','484','16','25','0','0','0','0','1','0','706','772','2 459'
'Six Nations of the Grand River','0','0','0','0','0','0','0','0','0','0','0','0','0'
'Chippewas of Nawash First Nation','346','373','9','22','1','0','0','0','0','0','919','1 011','2 681'
'Saugeen','413','389','21','29','0','0','0','0','1','0','487','514','1 854'
'Big Grassy','128','124','25','15','0','0','0','0','0','0','224','270','786'
'Anishnaabeg of Naongashiing','90','87','11','12','0','0','0','0','1','1','107','119','428'
'Couchiching First Nation','354','345','19','27','0','0','0','0','1','2','845','931','2 524'
'Lac La Croix','171','143','3','6','0','0','0','0','0','0','62','77','462'
'Naicatchewenin','155','158','0','0','0','0','0','0','0','0','87','82','482'
'Nigigoonsiminikaaning First Nation','79','82','2','1','0','0','0','0','0','0','100','108','372'
'Rainy River First Nations','205','239','7','14','0','0','0','0','0','0','295','345','1 105'
'Ojibways of Onigaming First Nation','249','217','6','13','1','0','0','0','0','0','125','183','794'
'Seine River First Nation','159','190','6','4','0','0','0','0','1','0','205','208','773'
'Mitaanjigamiing First Nation','58','52','0','0','0','0','0','0','0','0','26','24','160'
'Wahta Mohawk','87','70','0','0','0','0','0','0','0','0','299','355','811'
'Moose Deer Point','61','79','6','0','0','0','0','0','0','1','166','183','496'
'Wasauksing First Nation','208','196','12','6','0','0','0','0','1','0','410','465','1 298'
'Shawanaga First Nation','86','94','2','1','0','0','0','0','0','0','223','252','658'
'Chippewas of Georgina Island','95','110','1','0','0','0','0','0','0','0','333','360','899'
'Chippewas of Rama First Nation','365','353','8','8','0','0','0','0','2','0','569','601','1 906'
'Mississaugas of Scugog Island First Nation','27','22','2','1','0','0','0','0','0','0','92','93','237'
'Beausoleil','307','334','11','11','0','0','0','0','1','1','826','970','2 461'
'Albany','1 567','1 541','43','40','0','2','0','0','4','1','879','915','4 992'
'Attawapiskat','1 011','932','46','48','15','10','0','0','0','0','706','832','3 600'
'Moose Cree First Nation','948','854','49','39','0','1','0','0','1','0','1 327','1 444','4 663'
'Taykwa Tagamou Nation','74','63','5','4','0','0','0','0','1','0','213','246','606'
'Weenusk','9','8','3','0','133','125','4','2','2','3','164','142','595'
'Ochiichagwe''babigo''ining First Nation','89','71','10','8','0','0','0','0','0','0','133','145','456'
'Eagle Lake','185','174','6','5','0','0','0','0','0','0','116','129','615'
'Grassy Narrows First Nation','475','486','25','21','1','0','0','0','0','0','270','295','1 573'
'Wabaseemoong Independent Nations','481','490','3','6','0','0','0','0','0','0','474','506','1 960'
'Northwest Angle No.33','112','105','16','17','0','0','0','0','0','0','121','177','548'
'Animakee Wa Zhing #37','88','93','3','2','0','0','0','0','0','0','120','108','414'
'Anishinabe of Wauzhushk Onigum','199','170','5','3','0','0','0','0','0','0','174','211','762'
'Iskatewizaagegan #39 Independent First Nation','165','160','19','15','0','0','0','0','0','0','138','147','644'
'Shoal Lake No.40','146','141','10','4','0','0','0','0','0','0','146','190','637'
'Wabauskang First Nation','66','70','2','2','0','0','0','0','0','0','93','99','332'
'Wabigoon Lake Ojibway Nation','104','90','2','1','0','0','0','0','0','2','265','263','727'
'Naotkamegwanning','392','364','11','8','0','0','0','0','0','0','248','244','1 267'
'Mohawks of Akwesasne','4 753','4 955','40','33','0','0','1','0','3','0','1 240','1 407','12 432'
'Alderville First Nation','151','161','2','5','0','0','0','0','0','0','391','437','1 147'
'Curve Lake','387','397','5','2','0','0','0','0','0','3','716','811','2 321'
'Hiawatha First Nation','86','115','0','1','0','0','0','0','2','1','189','239','633'
'Algonquins of Pikwakanagan First Nation','232','228','2','1','0','0','0','0','0','1','1 042','1 149','2 655'
'Mohawks of the Bay of Quinte','1 055','1 123','9','9','0','0','0','0','1','2','3 551','3 968','9 718'
'Caldwell','0','2','0','0','0','0','0','0','0','0','163','200','365'
'Chippewas of the Thames First Nation','492','493','4','2','0','0','0','0','1','0','853','1 031','2 876'
'Moravian of the Thames','294','289','13','10','0','0','0','0','0','0','294','385','1 285'
'Munsee-Delaware Nation','75','80','13','12','0','0','0','0','1','0','217','249','647'
'Oneida Nation of the Thames','1 074','1 091','25','27','0','0','0','0','1','2','1 821','2 105','6 146'
'Walpole Island','1 197','1 154','18','5','0','0','0','0','0','0','1 167','1 332','4 873'
'Chippewas of Kettle and Stony Point','688','644','12','13','0','0','0','0','1','1','512','615','2 486'
'Aamjiwnaang','444','446','37','43','0','0','0','0','0','1','653','777','2 401'
'Zhiibaahaasing First Nation','32','33','1','0','0','0','0','0','0','0','48','55','169'
'Magnetawan','43','33','4','2','0','0','0','0','0','0','83','99','264'
'Wikwemikong','1 587','1 586','39','41','0','0','0','0','2','3','2 232','2 634','8 124'
'Sheguiandah','79','71','16','17','0','0','0','0','0','0','100','125','408'
'Sheshegwaning','52','63','2','4','0','0','0','0','0','0','148','171','440'
'Sagamok Anishnawbek','828','750','6','11','0','0','1','0','2','0','599','702','2 899'
'Aundeck-Omni-Kaning','192','180','14','6','0','0','0','0','0','0','206','251','849'
'M''Chigeeng First Nation','481','459','21','15','1','0','0','0','3','3','763','863','2 609'
'Constance Lake','455','395','8','14','0','0','0','0','2','3','398','437','1 712'
'Eabametoong First Nation','822','686','27','25','1','0','0','0','1','1','505','535','2 603'
'Long Lake No.58 First Nation','260','247','1','3','0','1','0','0','1','0','491','538','1 542'
'Ginoogaming First Nation','102','96','9','9','0','0','0','0','1','0','355','380','952'
'Martin Falls','190','158','18','18','0','0','2','1','1','2','177','198','765'
'Fort William','495','482','7','14','0','0','0','0','2','2','656','727','2 385'
'Gull Bay','205','161','6','11','0','1','0','0','7','1','485','500','1 377'
'Lac Des Mille Lacs','4','3','1','0','0','0','0','0','1','0','313','329','651'
'Whitesand','193','169','10','9','2','1','0','0','0','1','419','446','1 250'
'Pays Plat','43','29','3','3','0','0','0','0','0','0','76','92','246'
'Biigtigong Nishnaabeg','258','277','1','0','0','0','0','0','0','0','307','333','1 176'
'Red Rock','142','143','5','6','0','0','0','0','1','0','740','800','1 837'
'Animbiigoo Zaagi''igan Anishinaabek','1','2','5','1','0','0','0','0','46','41','184','211','491'
'Pic Mobert','193','161','0','2','0','0','0','0','0','1','319','325','1 001'
'Bingwi Neyaashi Anishinaabek','32','32','12','6','0','0','0','0','0','0','93','81','256'
'Biinjitiwaabik Zaaging Anishinaabek','170','166','6','0','0','0','0','0','0','0','188','213','743'
'Batchewana First Nation','376','400','24','20','0','1','0','1','0','3','970','1 092','2 887'
'Garden River First Nation','625','618','26','34','0','0','0','0','0','0','735','870','2 908'
'Mississauga','186','205','6','0','0','0','0','0','0','0','450','470','1 317'
'Serpent River','173','185','9','16','0','0','0','0','2','0','471','542','1 398'
'Thessalon','56','52','0','2','0','0','0','0','0','0','314','354','778'
'Mishkeegogamang','553','516','52','68','0','1','0','1','0','1','313','383','1 888'
'North Caribou Lake','380','453','29','25','0','1','0','0','0','0','121','136','1 145'
'Lac Seul','477','415','16','14','1','0','0','0','16','8','1 202','1 299','3 448'
'Wapekeka','219','235','1','1','0','0','0','0','0','0','5','5','466'
'Bearskin Lake','256','220','1','3','0','0','0','0','0','0','207','237','924'
'Pikangikum','1 433','1 334','8','12','0','0','0','0','0','0','53','51','2 891'
'Kitchenuhmaykoosib Inninuwug','563','566','13','16','0','0','0','0','1','0','266','252','1 677'
'Kasabonika Lake','526','549','17','9','4','1','1','0','0','0','26','26','1 159'
'Sandy Lake','1 337','1 269','27','24','1','0','0','0','2','0','189','219','3 068'
'Kingfisher','277','258','5','2','0','0','0','0','2','0','24','21','589'
'Muskrat Dam Lake','103','108','10','14','0','0','0','0','0','0','96','103','434'
'Sachigo Lake','249','262','24','20','0','0','0','0','2','1','176','196','930'
'Fort Severn','268','273','7','6','1','0','0','0','0','0','66','86','707'
'Cat Lake','326','277','12','17','3','1','0','0','0','0','62','70','768'
'Wunnumin','287','278','13','9','3','1','0','0','1','1','48','52','693'
'Dokis','90','84','1','1','0','0','0','0','0','1','530','517','1 224'
'Matachewan','29','14','0','3','1','1','0','0','1','2','351','387','789'
'Nipissing First Nation','484','472','9','15','1','0','0','0','3','2','800','927','2 713'
'Chapleau Cree First Nation','32','27','1','0','0','0','0','0','0','1','229','186','476'
'Temagami First Nation','126','117','12','7','2','2','0','0','2','3','264','312','847'
'Missanabie Cree','1','1','0','2','0','0','0','0','0','0','235','222','461'
'Atikameksheng Anishnawbek','187','198','22','21','0','0','0','0','0','0','390','437','1 255'
'Michipicoten','38','29','0','0','0','0','0','0','0','0','508','565','1 140'
'Mattagami','89','79','4','2','0','0','0','0','4','2','181','209','570'
'Flying Post','0','1','0','0','0','0','0','0','0','0','108','114','223'
'Brunswick House','113','94','3','3','0','0','0','0','1','0','298','307','819'
'Chapleau Ojibway','15','15','1','0','0','0','0','0','0','0','4','5','40'
'Whitefish River','202','199','14','16','0','0','0','0','0','0','421','462','1 314'
'Henvey Inlet First Nation','99','90','1','4','0','0','0','0','0','0','318','318','830'
'Wahnapitae','33','27','0','0','0','0','0','0','0','0','207','252','519'
'Wahgoshig First Nation','77','58','5','7','0','0','0','0','0','0','92','93','332'
'Wawakapewin','22','17','5','4','0','0','0','0','0','0','11','14','73'
'Obashkaandagaang','75','73','15','14','0','0','0','0','0','0','70','84','331'
'Poplar Hill','315','287','8','7','0','0','0','0','0','0','10','6','633'
'Deer Lake','529','537','21','14','0','0','0','0','0','0','103','120','1 324'
'North Spirit Lake','220','219','2','4','0','0','0','0','0','0','21','43','509'
'Neskantaga First Nation','172','165','7','11','2','1','0','0','0','0','50','56','464'
'Webequie','149','162','5','4','237','238','0','2','1','0','55','60','913'
'Nibinamik First Nation','29','25','2','6','0','1','1','0','159','169','54','79','525'
'Aroland','9','6','4','3','1','0','0','2','205','186','150','153','719'
'Bay of Quinte Mohawk','172','178','2','3','0','0','0','0','0','0','205','229','789'
'Tuscarora','510','484','0','3','0','0','0','0','0','0','586','689','2 272'
'Oneida','390','392','3','1','0','0','0','0','1','0','607','721','2 115'
'Onondaga Clear Sky','214','231','0','1','0','0','0','0','1','0','186','198','831'
'Bearfoot Onondaga','128','124','0','2','0','0','0','0','1','0','183','214','652'
'Upper Cayuga','782','719','6','4','0','0','0','0','1','3','1 051','1 186','3 752'
'Lower Cayuga','1 164','1 183','6','5','1','0','0','0','0','0','634','761','3 754'
'Konadaha Seneca','102','108','0','0','0','0','0','0','0','0','157','210','577'
'Niharondasa Seneca','86','84','3','1','0','0','0','0','0','0','102','116','392'
'Delaware','116','121','1','1','0','0','0','0','0','1','205','253','698'
'Lower Mohawk','1 040','1 061','12','16','0','0','0','1','0','4','975','1 128','4 237'
'Walker Mohawk','153','152','0','0','0','0','0','0','0','0','90','98','493'
'Upper Mohawk','1 476','1 488','9','6','0','0','0','0','0','0','1 522','1 906','6 407'
'Ojibway Nation of Saugeen','42','41','4','1','13','4','0','0','0','0','64','64','233'
'Slate Falls Nation','21','9','3','5','0','1','0','0','91','78','38','36','282'
'Black River First Nation','472','480','5','7','1','1','0','0','0','0','205','183','1 354'
'Brokenhead Ojibway Nation','418','368','1','4','0','0','0','0','1','0','592','665','2 049'
'Fort Alexander','1 777','1 692','18','16','0','0','0','0','0','0','2 099','2 240','7 842'
'Hollow Water','506','528','6','3','0','1','0','0','2','0','447','474','1 967'
'Fisher River','986','946','4','6','0','0','0','1','0','1','980','943','3 867'
'Buffalo Point First Nation','27','29','2','1','0','0','0','0','0','0','32','40','131'
'Berens River','1 151','1 003','10','5','0','0','0','2','0','0','574','648','3 393'
'Bloodvein','549','551','4','6','0','0','0','0','0','1','330','362','1 803'
'Kinonjeoshtegon First Nation','181','178','1','2','0','0','0','0','1','0','196','194','753'
'Peguis','1 766','1 665','57','73','0','0','0','1','0','1','3 135','3 391','10 089'
'Little Grand Rapids','686','614','1','1','0','0','0','0','0','0','173','179','1 654'
'Lake Manitoba','634','575','6','9','0','0','0','0','0','0','414','435','2 073'
'Pinaymootang First Nation','630','648','3','2','0','0','0','0','0','0','934','1 053','3 270'
'Roseau River Anishinabe First Nation Government','617','550','13','16','0','0','0','0','0','1','678','747','2 622'
'Little Saskatchewan','345','332','3','7','0','0','0','0','0','0','257','302','1 246'
'Lake St. Martin','830','821','11','7','0','1','0','0','1','0','487','534','2 692'
'Cross Lake Band of Indians','3 010','2 965','65','76','10','1','1','3','3','2','1 191','1 222','8 549'
'Poplar River First Nation','624','584','43','38','0','1','0','1','0','0','265','310','1 866'
'Norway House Cree Nation','3 044','3 059','23','29','0','0','0','0','1','1','887','995','8 039'
'O-Chi-Chak-Ko-Sipi First Nation','266','258','8','6','0','0','0','0','0','1','269','316','1 124'
'Ebb and Flow','827','912','32','27','0','0','0','0','1','0','654','678','3 131'
'Skownan First Nation','374','384','1','2','0','0','0','0','0','1','390','356','1 508'
'Pine Creek','633','524','3','1','0','0','0','0','1','2','1 155','1 245','3 564'
'Sandy Bay','2 162','1 941','22','25','0','0','0','0','0','1','1 206','1 309','6 666'
'Birdtail Sioux','214','210','34','30','0','0','0','0','0','0','190','221','899'
'Waywayseecappo First Nation Treaty Four - 1874','772','787','6','9','1','0','0','0','0','0','568','587','2 730'
'Keeseekoowenin','268','237','0','1','0','0','0','0','0','0','359','398','1 263'
'Long Plain','1191','1 082','24','22','0','0','0','0','0','0','986','1 085','4 390'
'Dakota Plains','83','84','4','7','0','0','0','0','0','0','40','48','266'
'Canupawakpa Dakota First Nation','150','147','18','15','0','0','0','1','0','0','159','190','680'
'Sioux Valley Dakota Nation','687','664','54','56','0','0','0','0','0','0','512','621','2 594'
'Rolling River','229','234','0','0','0','0','0','0','0','0','317','301','1 081'
'Tootinaowaziibeeng Treaty Reserve','322','340','5','1','0','0','0','0','0','1','385','410','1 464'
'Swan Lake','287','355','4','9','0','0','0','0','0','0','357','400','1 412'
'Gamblers','27','32','3','2','0','0','0','0','0','0','83','122','269'
'Dakota Tipi','121','77','0','2','0','0','0','0','1','0','112','90','403'
'God''s Lake First Nation','773','672','3','3','1','0','0','0','24','35','601','637','2 749'
'Garden Hill First Nations','2 060','1 894','29','35','1','0','1','1','3','5','320','363','4 712'
'St. Theresa Point','2 017','1 897','8','11','0','0','0','0','0','0','122','160','4 215'
'Wasagamack First Nation','1 002','946','10','6','0','0','0','0','0','0','85','111','2 160'
'Red Sucker Lake','479','481','5','9','0','0','0','1','0','0','56','73','1 104'
'Bunibonibee Cree Nation','1 291','1 222','19','9','14','19','0','0','0','0','221','311','3 106'
'Manto Sipi Cree Nation','399','401','2','4','0','0','0','0','0','0','65','66','937'
'Sayisi Dene First Nation','175','137','1','3','0','0','0','0','0','0','236','276','828'
'York Factory First Nation','216','184','28','23','0','0','0','0','2','4','437','454','1 348'
'Fox Lake','114','106','13','17','2','2','0','0','0','0','453','543','1 250'
'Tataskweyak Cree Nation','1 183','1 117','54','75','0','0','0','1','1','1','675','739','3 846'
'Shamattawa First Nation','725','719','1','3','0','0','0','0','1','0','74','69','1 592'
'Barren Lands','232','212','13','11','0','0','0','0','14','21','307','343','1 153'
'Chemawawin Cree Nation','749','722','16','14','0','0','0','0','1','0','168','180','1 850'
'Misipawistik Cree Nation','607','613','44','44','0','1','0','0','4','5','339','359','2 016'
'Mathias Colomb','1 167','1 019','84','90','44','34','0','0','18','16','596','689','3 757'
'Mosakahiken Cree Nation','803','789','13','10','1','0','0','0','2','3','282','311','2 214'
'Nisichawayasihk Cree Nation','1 529','1 410','13','16','0','0','0','0','60','65','903','1 121','5 117'
'Sapotaweyak Cree Nation','500','438','41','27','4','5','1','0','12','4','749','756','2 537'
'Opaskwayak Cree Nation','1 623','1 620','8','10','0','0','0','0','0','1','1 310','1 413','5 985'
'Dauphin River','113','141','1','0','0','0','0','1','0','0','56','62','374'
'Northlands','444','483','3','2','0','0','0','0','0','1','80','79','1 092'
'O-Pipon-Na-Piwin Cree Nation','618','525','10','8','0','0','0','0','1','2','251','242','1 657'
'War Lake First Nation','57','36','2','5','14','12','0','0','0','0','82','109','317'
'Wuskwi Sipihk First Nation','97','81','2','0','2','3','0','0','0','0','207','240','632'
'Kee-Way-Win','239','224','52','64','1','0','0','0','0','0','89','122','791'
'McDowell Lake','1','0','0','1','0','0','0','0','13','8','18','18','59'
'Pauingassi First Nation','323','277','1','1','0','0','0','0','0','0','23','29','654'
'Marcel Colomb First Nation','25','13','1','2','130','126','0','0','0','0','72','61','430'
'Little Pine','458','433','48','36','0','0','0','1','0','1','481','550','2 008'
'Lucky Man','2','3','14','6','0','0','0','0','0','1','41','48','115'
'Moosomin','551','554','25','28','0','0','0','0','1','1','318','346','1 824'
'"Mosquito/ Grizzly Bear''s Head/ Lean Man First Nations','383','327','25','29','0','0','1','0','2','1','298','326','1 392'
'Onion Lake Cree Nation','1 831','1 879','116','127','1','0','0','0','0','0','1 024','1 105','6 083'
'Poundmaker','406','393','71','67','0','0','0','0','0','0','337','446','1 720'
'Red Pheasant','379','336','55','54','0','0','1','0','2','1','783','849','2 460'
'Saulteaux','331','296','20','35','0','0','0','0','1','1','297','307','1 288'
'Sweetgrass','366','335','39','43','0','1','2','2','0','1','557','626','1 972'
'Thunderchild First Nation','552','506','132','146','0','0','0','0','0','0','759','780','2 875'
'Cumberland House Cree Nation','443','451','16','8','0','0','0','0','39','27','324','353','1 661'
'Fond du Lac','551','550','14','17','0','0','0','0','0','0','419','475','2 026'
'Hatchet Lake','697','693','9','14','0','0','0','0','0','1','203','214','1 831'
'Lac La Ronge','3 291','3 266','101','68','79','100','0','1','4','5','1 845','2 004','10 764'
'Montreal Lake','1 102','999','46','46','102','95','0','0','0','0','757','833','3 980'
'Peter Ballantyne Cree Nation','2 860','2 818','103','97','522','468','1','0','12','1','1 796','1 952','10 630'
'Red Earth','738','750','13','23','0','0','0','0','0','0','126','131','1 781'
'Shoal Lake Cree Nation','417','402','18','14','1','0','0','0','1','0','96','85','1 034'
'Wahpeton Dakota Nation','159','163','10','13','0','0','0','0','0','0','84','95','524'
'Black Lake','809','779','12','11','0','0','0','0','0','0','249','297','2 157'
'Sturgeon Lake First Nation','934','861','44','39','0','0','0','0','0','0','489','565','2 932'
'Cowessess','423','403','54','50','0','0','0','1','0','1','1 508','1 757','4 197'
'Kahkewistahaw','303','283','34','47','0','0','0','1','0','0','636','712','2 016'
'Ochapowace','320','290','21','33','0','1','1','0','0','0','531','584','1 781'
'Sakimay First Nations','148','119','9','13','0','0','0','0','0','0','678','722','1 689'
'White Bear','415','422','36','35','0','0','0','0','0','0','851','916','2 675'
'Cote First Nation 366','521','500','43','31','0','0','0','0','2','0','1 263','1 499','3 859'
'Keeseekoose','365','328','35','32','0','0','0','0','0','0','802','895','2 457'
'The Key First Nation','143','153','13','10','0','0','0','0','1','0','497','514','1 331'
'Beardy''s and Okemasis','650','652','24','22','0','0','0','0','0','0','1 021','1 042','3 411'
'James Smith','970','893','27','45','0','0','0','0','0','1','725','807','3 468'
'Muskoday First Nation','331','290','8','12','0','0','0','0','0','0','575','689','1 905'
'Whitecap Dakota First Nation','145','167','5','4','0','0','0','0','0','0','149','178','648'
'One Arrow First Nation','368','367','34','33','0','0','0','0','1','0','528','566','1 897'
'Mistawasis Nêhiyawak','573','519','39','57','0','0','0','0','0','0','740','792','2 720'
'Muskeg Lake Cree Nation #102','190','177','24','16','0','0','0','0','0','0','776','898','2 081'
'Yellow Quill','488','408','33','32','2','0','1','0','1','0','976','1 025','2 966'
'Kinistin Saulteaux Nation','175','141','29','36','0','0','0','0','0','0','299','351','1 031'
'Carry The Kettle','441','426','23','35','0','0','1','0','0','0','885','1 020','2 831'
'Little Black Bear','104','97','8','3','0','0','0','0','0','0','167','186','565'
'Nekaneet','113','95','5','14','1','0','0','0','0','0','144','134','506'
'Muscowpetung','169','132','35','27','0','0','0','0','0','0','485','548','1 396'
'Okanese','146','132','8','6','0','0','1','0','0','0','199','215','707'
'Pasqua First Nation #79','351','305','32','48','0','0','1','0','0','0','749','756','2 242'
'Peepeekisis Cree Nation No.81','323','285','29','31','0','0','0','0','0','1','993','1 078','2 740'
'Piapot','357','294','48','41','0','0','0','0','0','0','808','896','2 444'
'Standing Buffalo','242','233','6','23','0','0','0','0','0','1','396','372','1 273'
'Star Blanket Cree Nation','127','126','15','18','0','0','0','0','0','0','184','209','679'
'Wood Mountain','4','3','0','0','0','0','0','0','0','0','136','143','286'
'Day Star','92','76','14','11','0','0','0','0','0','0','166','159','518'
'Fishing Lake First Nation','252','239','33','25','0','0','0','0','0','0','595','642','1 786'
'George Gordon First Nation','649','523','52','48','0','0','0','0','0','0','1 144','1 252','3 668'
'Muskowekwan','294','268','36','30','0','0','0','0','0','0','599','650','1 877'
'Kawacatoose','581','554','45','54','0','1','0','0','2','3','928','1 004','3 172'
'Canoe Lake Cree First Nation','531','497','31','32','0','0','0','0','0','0','666','647','2 404'
'Flying Dust First Nation','269','251','20','36','0','0','0','0','0','0','365','431','1 372'
'Makwa Sahgaiehcan First Nation','545','514','65','55','0','0','0','0','0','0','217','219','1 615'
'Ministikwan Lake Cree Nation','447','475','60','77','0','0','0','0','2','0','123','129','1 313'
'Buffalo River Dene Nation','390','374','24','20','0','0','0','0','0','0','306','307','1 421'
'Big Island Lake Cree Nation','406','427','59','84','0','0','0','1','0','0','99','124','1 200'
'English River First Nation','377','386','18','20','0','0','0','0','0','0','367','387','1 555'
'Clearwater River Dene','458','443','18','20','0','0','0','0','3','3','586','563','2 094'
'Waterhen Lake','427','431','60','50','0','0','0','0','0','2','489','553','2 012'
'Birch Narrows First Nation','203','213','16','20','0','0','0','0','0','0','161','168','781'
'Big River','1 209','1 157','96','88','0','0','0','0','1','10','435','486','3 482'
'Pelican Lake','563','494','100','88','0','0','0','0','1','1','208','187','1 642'
'Ahtahkakoop','930','892','42','61','1','2','0','1','1','0','816','800','3 546'
'Witchekan Lake','272','222','22','17','0','0','0','0','0','0','98','134','765'
'Ocean Man','76','58','26','27','0','0','0','0','0','0','160','182','529'
'Pheasant Rump Nakota','77','82','13','10','0','0','0','0','0','0','110','134','426'
'Siksika Nation','2 051','2 005','91','99','1','1','2','0','3','2','1 551','1 625','7 431'
'O''Chiese','436','463','36','26','0','0','0','0','2','0','200','212','1 375'
'Tsuut''ina Nation','969','1 022','44','78','1','0','0','0','1','0','73','117','2 305'
'Chiniki','783','764','23','29','0','0','1','0','0','0','71','84','1 755'
'Sunchild First Nation','414','389','49','55','0','0','0','0','0','0','221','241','1 369'
'Blood','4 170','4 130','109','101','1','0','0','0','0','2','1 794','2 010','12 317'
'Piikani Nation','1 198','1 208','19','18','0','0','0','0','0','0','614','687','3 744'
'Alexis Nakota Sioux Nation','600','545','33','38','0','0','1','0','0','1','400','394','2 012'
'Alexander','536','502','34','42','0','0','0','1','2','2','556','520','2 195'
'Louis Bull','813','757','102','141','5','3','0','1','0','1','222','245','2 290'
'Enoch Cree Nation #440','851','837','17','20','0','3','0','0','1','1','396','473','2 599'
'Paul','659','656','61','59','0','0','1','0','0','0','330','362','2 128'
'Montana','343','350','35','40','0','0','0','0','1','0','127','131','1 027'
'Ermineskin Tribe','1 608','1 565','139','183','5','5','0','1','49','45','511','555','4 666'
'Samson','3 012','2 941','232','273','1','3','3','0','3','2','1 005','1 028','8 503'
'Beaver First Nation','223','211','17','17','0','0','0','3','1','0','305','309','1 086'
'Tallcree','258','242','35','26','0','0','2','1','0','0','372','391','1 327'
'Little Red River Cree Nation','2 190','2 152','78','73','232','212','2','5','2','3','315','353','5 617'
'Dene Tha''','1 056','1 001','30','23','3','2','0','1','0','1','421','530','3 068'
'Horse Lake First Nation','259','229','7','7','0','0','0','0','0','0','331','359','1 192'
'Driftpile First Nation','506','423','25','25','0','0','0','0','0','0','873','908','2 760'
'Duncan''s First Nation','74','71','0','0','0','0','1','0','1','0','80','82','309'
'Kapawe''no First Nation','71','59','2','5','0','0','0','0','0','0','116','126','379'
'Lubicon Lake','50','43','29','18','116','110','5','13','0','0','137','124','645'
'Sawridge First Nation','23','19','2','4','0','0','0','0','1','0','232','221','502'
'Sturgeon Lake Cree Nation','753','722','23','18','1','0','0','1','0','0','833','962','3 313'
'Sucker Creek','393','350','22','11','0','0','2','2','0','1','947','1 094','2 822'
'Swan River First Nation','217','191','9','9','0','0','0','0','0','1','416','493','1 336'
'Bigstone Cree Nation','1 516','1 501','57','74','73','57','3','5','52','38','2 183','2 371','7 930'
'Whitefish Lake','638','609','64','68','1','2','14','13','78','102','591','587','2 767'
'Beaver Lake Cree Nation','206','183','15','9','0','0','0','0','7','3','361','390','1 174'
'Mikisew Cree First Nation','82','87','31','38','266','234','24','32','2','5','1 113','1 194','3 108'
'Saddle Lake Cree Nation','3 247','3 180','104','87','1','0','2','0','5','9','1 841','2 103','10 579'
'Athabasca Chipewyan First Nation','17','11','3','3','95','108','1','0','9','6','473','504','1 230'
'Cold Lake First Nations','712','626','31','25','1','0','1','0','2','0','680','832','2 910'
'Frog Lake','903','891','138','137','0','0','0','0','1','3','574','614','3 261'
'Kehewin Cree Nation','608','530','33','37','0','0','0','0','10','14','412','499','2 143'
'Fort McKay First Nation','203','205','5','5','2','2','0','0','0','2','210','224','858'
'Fort McMurray #468 First Nation','129','146','3','7','0','1','1','0','0','1','215','270','773'
'Heart Lake','103','92','8','12','0','0','0','0','0','0','74','62','351'
'Chipewyan Prairie First Nation','206','178','7','5','0','0','0','0','0','0','255','284','935'
'Stoney','0','0','0','0','0','0','0','0','0','0','0','0','0'
'Bearspaw','864','898','22','32','0','0','0','0','1','0','77','78','1 972'
'Woodland Cree First Nation','387','389','9','12','4','2','12','9','0','1','156','145','1 126'
'Wesley','815','780','34','26','1','1','1','2','0','0','95','97','1 852'
'Loon River Cree','239','249','5','4','7','4','1','0','0','0','54','56','619'
'Smith''s Landing First Nation','0','0','0','0','84','75','0','0','1','0','104','95','359'
'Peerless Trout First Nation','29','22','4','12','358','374','2','2','7','12','54','59','935'
'Aishihik','1','0','0','1','43','44','2','2','0','1','33','60','187'
'Carcross/Tagish First Nation','59','56','0','4','55','40','19','13','1','0','212','219','678'
'Little Salmon/Carmacks First Nation','2','1','3','1','136','141','11','16','1','1','156','198','667'
'Champagne','0','0','6','5','109','103','16','15','0','1','210','250','715'
'Tr''ondëk Hwëch''in','3','0','1','4','92','82','6','2','0','1','314','325','830'
'First Nation of Nacho Nyak Dun','2','3','0','1','76','80','0','1','1','1','183','205','553'
'Vuntut Gwitchin First Nation','6','1','1','1','132','109','4','4','1','0','129','161','549'
'Ross River','9','5','0','0','167','147','19','8','0','0','84','110','549'
'Selkirk First Nation','1','4','4','1','154','149','13','14','0','1','140','162','643'
'Teslin Tlingit Council','1','2','1','4','129','101','15','10','3','0','163','176','605'
'Kwanlin Dun First Nation','1','5','11','6','306','256','8','12','2','3','187','186','983'
'Taku River Tlingit','42','31','5','2','0','2','3','3','0','2','146','176','412'
'Liard First Nation','80','60','18','14','177','127','27','13','3','1','328','364','1 212'
'Kluane First Nation','0','1','0','1','36','38','1','1','0','0','42','57','177'
'Dease River','25','12','5','8','1','1','3','8','1','0','64','54','182'
'White River First Nation','3','4','0','0','18','17','3','3','0','0','46','60','154'
'Champagne and Aishihik First Nations','0','0','0','0','0','0','0','0','0','0','0','0','0'
'Ta''an Kwach''an','13','9','0','1','33','40','3','3','0','0','78','91','271'
'Moricetown','360','311','31','35','0','0','0','0','0','0','638','671','2 046'
'Gitanmaax','355','340','66','51','0','0','0','0','0','0','791','828','2 431'
'Kispiox','312','278','54','38','0','0','0','0','0','0','426','534','1 642'
'Glen Vowell','105','77','14','14','0','0','0','0','0','0','109','102','421'
'Hagwilget Village','104','91','16','12','0','0','0','0','0','0','283','288','794'
'Gitsegukla','202','211','30','20','0','0','0','0','0','0','279','258','1 000'
'Gitwangak','211','185','26','21','0','0','0','0','0','0','423','467','1 333'
'Gitanyow','186','177','25','21','0','0','0','0','0','0','237','214','860'
'Heiltsuk','602','530','45','31','1','0','0','0','0','1','587','625','2 422'
'Nuxalk Nation','466','437','22','22','0','0','0','0','0','0','343','439','1 729'
'Kitasoo','161','142','4','6','0','0','0','0','0','0','84','117','514'
'Wuikinuxv Nation','25','29','13','18','0','0','0','0','0','0','101','100','286'
'Saulteau First Nations','189','175','15','13','3','8','0','0','0','0','303','374','1 080'
'Fort Nelson First Nation','211','199','9','9','0','0','7','0','0','0','240','264','939'
'Prophet River First Nation','51','44','7','5','0','0','0','0','0','0','79','90','276'
'West Moberly First Nations','65','59','1','3','0','1','0','0','0','0','83','95','307'
'Halfway River First Nation','79','62','2','4','0','0','0','0','0','0','67','67','281'
'Blueberry River First Nations','101','89','23','20','0','0','0','0','0','0','119','134','486'
'Doig River First Nation','71','63','11','3','0','0','0','0','0','0','72','88','308'
'Tsleil-Waututh Nation','150','137','22','25','0','0','0','0','0','0','107','149','590'
'Musqueam','326','348','59','60','0','0','0','0','0','1','283','323','1 400'
'Sechelt','352','283','11','20','0','0','0','0','0','0','353','378','1 397'
'Homalco','127','104','4','7','0','0','0','0','0','0','117','116','475'
'Klahoose First Nation','33','33','7','8','0','0','1','0','0','0','157','166','405'
'Tla''amin Nation','299','294','4','7','0','0','0','0','0','0','234','264','1 102'
'Squamish','1 094','1 144','92','101','0','0','0','0','1','0','849','948','4 229'
'N''Quatqua','85','80','21','22','0','0','0','0','0','0','78','79','365'
'Lil''wat Nation','751','692','47','38','0','0','0','0','0','1','322','355','2 206'
'Aitchelitz','10','10','3','2','0','0','0','0','0','0','12','5','42'
'Sts''ailes','251','219','40','47','0','0','7','2','0','0','253','270','1 089'
'Kwikwetlem First Nation','26','14','3','1','0','0','0','0','0','0','33','27','104'
'Douglas','38','26','25','24','0','0','0','0','0','0','97','126','336'
'Skatin Nations','39','20','41','34','0','0','0','0','1','0','140','138','413'
'Katzie','155','153','6','4','0','0','0','0','0','0','123','137','578'
'Kwantlen First Nation','40','32','16','18','0','0','0','0','0','0','87','94','287'
'Matsqui','49','51','8','8','0','0','0','0','0','0','69','80','265'
'New Westminster','0','0','0','0','0','0','0','0','0','0','8','6','14'
'Samahquam','37','33','24','20','0','0','0','0','0','0','117','137','368'
'Sq''éwlets','47','35','19','13','0','0','0','0','0','0','78','74','266'
'Semiahmoo','22','29','5','2','0','0','0','0','0','0','18','22','98'
'Shxwhá:y Village','28','31','25','21','0','0','1','0','1','0','153','156','416'
'Skowkale','75','83','10','17','1','1','0','0','0','0','36','39','262'
'Soowahlie','82','85','20','6','0','0','1','0','0','0','78','101','373'
'Skwah','121','113','19','28','0','0','0','0','0','0','109','127','517'
'Squiala First Nation','71','40','15','19','0','1','1','0','0','0','39','34','220'
'Tzeachten','115','129','15','10','1','1','0','0','1','0','125','138','535'
'Yakweakwioose','18','18','1','1','0','0','0','0','0','0','10','26','74'
'Tsawwassen First Nation','94','92','4','4','0','0','0','0','0','0','82','92','368'
'Sumas First Nation','70','72','15','19','0','0','0','0','0','0','71','86','333'
'Leq'' a: mel First Nation','56','64','13','8','0','0','0','0','0','0','127','153','421'
'Kwaw-kwaw-Apilt','18','12','2','2','0','0','0','0','0','0','5','6','45'
'Seabird Island','282','298','21','26','0','0','0','0','0','0','177','195','999'
'Skawahlook First Nation','3','4','3','1','0','0','0','0','0','0','34','46','91'
'Chawathil','153','151','39','42','0','0','0','0','0','0','108','126','619'
'Cheam','92','96','37','27','0','0','0','0','0','0','143','143','538'
'Popkum','1','0','0','0','0','0','0','0','0','0','7','4','12'
'Peters First Nation','24','20','1','2','0','0','0','0','0','0','58','60','165'
'Shxw''ow''hamel First Nation','40','41','17','10','0','0','0','0','0','0','45','45','198'
'Union Bar First Nation','4','3','0','2','0','0','0','0','0','1','62','58','130'
'Yale First Nation','29','25','6','7','0','0','0','0','0','0','52','57','176'
'Bridge River','95','102','12','24','0','0','0','0','0','0','117','108','458'
'Cayoose Creek','37','35','7','8','0','0','0','0','0','0','56','57','200'
'Xaxli''p','134','129','76','63','0','0','0','0','1','0','309','332','1 044'
'T''it''q''et','94','95','10','10','0','0','0','0','0','0','113','109','431'
'Ts''kw''aylaxw First Nation','104','92','46','32','0','0','0','0','0','0','135','161','570'
'Tsal''alh','129','132','58','45','2','0','0','0','0','0','173','162','701'
'Osoyoos','180','152','33','24','0','0','0','0','0','0','63','89','541'
'Penticton','287','288','34','32','0','0','0','0','0','0','212','220','1 073'
'Lower Similkameen','111','120','24','32','0','0','0','0','0','0','105','114','506'
'Upper Similkameen','23','34','4','7','0','0','0','0','0','0','62','77','207'
'Splatsin','169','156','43','32','0','1','0','0','0','0','220','280','901'
'Westbank First Nation','221','207','10','13','0','0','0','0','1','2','214','207','875'
'?aqam','95','96','11','16','0','0','0','0','0','0','84','89','391'
'Tobacco Plains','46','33','11','3','0','0','0','0','0','0','53','61','207'
'?Akisq''nuk First Nation','54','46','32','25','0','0','0','0','0','0','59','59','275'
'Shuswap','46','41','15','18','0','0','0','0','0','0','68','78','266'
'Lower Kootenay','52','59','9','3','0','0','0','0','0','0','52','67','242'
'Lake Babine Nation','692','666','26','23','0','0','4','1','0','0','487','606','2 505'
'Takla Lake First Nation','106','99','6','4','0','0','0','0','0','0','273','335','823'
'Tsay Keh Dene','3','2','6','5','114','121','0','0','0','0','123','115','489'
'Kwadacha','145','146','9','3','0','0','0','0','0','0','120','138','561'
'Lheidli T''enneh','49','46','1','1','0','0','0','0','0','0','164','168','429'
'Nadleh Whuten','137','122','9','7','0','0','0','0','0','0','137','145','557'
'Stellat''en First Nation','113','97','7','11','0','0','0','0','0','0','154','165','547'
'Nak''azdli Whut''en','361','336','32','23','0','0','0','1','1','0','577','603','1 934'
'Saik''uz First Nation','182','150','6','5','0','0','0','0','0','0','270','356','969'
'Okanagan','431','391','33','47','0','0','0','0','1','2','516','586','2 007'
'Tl''azt''en Nation','292','251','27','17','0','0','0','0','0','0','586','620','1 793'
'McLeod Lake','54','53','21','13','0','0','0','0','1','0','190','225','557'
'Burns Lake','25','21','2','0','0','0','0','0','0','0','43','38','129'
'Cheslatta Carrier Nation','71','71','9','11','0','0','0','0','1','2','83','108','356'
'Campbell River','190','177','15','21','0','0','0','0','0','0','187','232','822'
'Cape Mudge','187','162','16','16','0','0','0','0','1','1','350','405','1 138'
'K''ómoks First Nation','44','63','1','1','0','0','0','0','0','1','110','115','335'
'Kwikwasut''inuxw Haxwa''mis','24','22','16','9','0','0','0','0','4','3','123','109','310'
'Kwakiutl','159','157','24','11','0','0','0','1','1','0','216','232','801'
'Gwawaenuk Tribe','8','4','0','0','0','0','0','0','0','0','14','14','40'
'Kwiakah','0','0','2','5','0','0','0','0','0','0','8','7','22'
'Mamalilikulla First Nation','4','4','24','31','0','0','0','0','2','0','182','179','426'
'Mowachaht/Muchalaht','131','95','20','15','0','0','0','0','0','0','185','170','616'
'Namgis First Nation','461','463','29','22','2','1','0','0','0','0','431','473','1 882'
'Tlatlasikwala','13','17','6','2','0','0','0','0','4','2','10','12','66'
'Quatsino','122','114','10','6','0','0','0','0','0','0','141','162','555'
'Ehattesaht','56','51','22','33','0','0','0','0','0','0','168','169','499'
'Da''naxda''xw First Nation','8','11','8','6','0','0','0','0','9','11','87','87','227'
'Dzawada''enuxw First Nation','43','35','31','34','0','0','0','0','0','0','191','197','531'
'Tlowitsis Tribe','0','1','32','33','0','0','0','0','3','1','167','185','422'
'Ka:''yu:''k''t''h''/Che:k:tles7et''h'' First Nations','83','81','10','9','0','0','0','0','0','0','191','199','573'
'Nuchatlaht','11','13','4','7','0','0','0','0','0','0','54','73','162'
'Beecher Bay','49','53','5','6','0','0','0','0','0','0','63','80','256'
'Stz''uminus First Nation','384','343','61','65','0','0','0','0','0','0','194','272','1 319'
'Cowichan','1 260','1 230','171','151','0','0','0','0','0','0','1 025','1 120','4 957'
'Lake Cowichan First Nation','3','8','1','1','0','0','0','0','0','0','4','3','20'
'Esquimalt','90','82','9','16','0','0','0','0','0','0','47','68','312'
'Halalt','47','37','6','10','0','0','0','0','0','0','60','58','218'
'Lyackson','10','6','12','12','0','0','0','0','0','0','80','96','216'
'Malahat First Nation','74','55','30','26','0','0','0','0','0','0','77','75','337'
'Snuneymuxw First Nation','306','280','58','74','0','0','0','0','0','1','533','563','1 815'
'Nanoose First Nation','76','90','2','7','0','0','0','0','0','0','36','39','250'
'Penelakut Tribe','268','256','36','35','0','0','0','0','0','0','181','185','961'
'Qualicum First Nation','26','25','0','2','0','0','2','2','1','0','24','46','128'
'Pauquachin','122','105','11','17','0','0','0','0','0','0','49','101','405'
'Tsartlip','282','254','71','57','0','0','0','0','0','0','161','182','1 007'
'Tsawout First Nation','278','253','48','50','0','0','0','0','0','0','122','168','919'
'Tseycum','40','35','19','26','1','0','0','0','0','0','35','37','193'
'Songhees Nation','175','168','10','28','0','0','0','0','0','0','92','98','571'
'T''Sou-ke First Nation','61','69','1','1','0','0','0','0','0','0','53','76','261'
'Pacheedaht First Nation','47','50','12','16','0','0','0','0','0','0','62','96','283'
'Ahousaht','364','372','52','43','0','2','0','0','0','0','635','693','2 161'
'Tla-o-qui-aht First Nations','207','177','18','28','0','0','0','0','0','0','341','362','1 133'
'Hesquiaht','77','46','12','21','0','0','0','0','0','1','260','320','737'
'Ditidaht','98','76','31','37','0','0','0','0','0','0','247','284','773'
'Huu-ay-aht First Nations','45','56','19','12','0','0','0','0','0','0','287','302','721'
'Hupacasath First Nation','62','69','9','9','0','0','0','0','0','0','104','76','329'
'Tseshaht','216','227','16','24','0','0','0','0','0','0','321','394','1 198'
'Toquaht','4','5','7','3','0','0','0','0','0','1','67','67','154'
'Uchucklesaht','6','20','1','5','0','0','0','0','0','0','94','98','224'
'Ucluelet First Nation','113','91','9','10','0','0','0','0','0','0','219','227','669'
'Old Massett Village Council','388','313','28','35','0','0','0','0','0','1','1 085','1 195','3 045'
'Skidegate','320','360','11','8','0','0','0','0','0','0','466','487','1 652'
'Nisga''a Village of Gingolx','225','185','35','34','0','0','2','0','0','0','762','766','2 009'
'Gitxaala Nation','229','196','29','17','0','0','0','0','0','0','716','796','1 983'
'Metlakatla First Nation','39','54','8','8','0','0','0','0','0','0','414','434','957'
'Lax Kw''alaams','350','302','46','32','0','0','0','0','1','1','1 513','1 606','3 851'
'Gitga''at First Nation','67','71','9','9','0','0','0','0','0','0','286','312','754'
'Haisla Nation','350','286','23','14','1','0','0','0','0','0','552','675','1 901'
'Nisga''a Village of New Aiyansh','462','405','26','21','0','0','0','0','0','0','464','480','1 858'
'Nisga''a Village of Laxgalt''sap','319','269','45','20','0','0','0','0','1','0','544','603','1 801'
'Nisga''a Village of Gitwinksihlkw','89','93','11','19','0','0','0','0','0','0','95','90','397'
'Kitselas','138','161','7','7','0','0','0','0','0','0','164','186','663'
'Kitsumkalum','126','121','6','4','0','0','0','0','0','0','237','257','751'
'Tahltan','157','138','22','17','0','1','1','0','0','1','767','809','1 913'
'Iskut','173','146','17','19','0','0','0','0','0','0','199','212','766'
'Adams Lake','183','176','34','25','0','0','0','0','0','0','169','214','801'
'Ashcroft','39','33','3','2','0','0','0','0','0','0','104','95','276'
'Bonaparte','76','76','26','23','0','0','0','0','1','0','349','397','948'
'Skeetchestn','117','107','15','14','0','0','0','0','0','0','137','147','537'
'Tk''emlúps te Secwépemc','267','286','51','50','0','0','0','0','0','1','307','373','1 335'
'Little Shuswap Lake','107','89','22','19','0','0','0','0','0','0','61','51','349'
'Neskonlith','140','127','29','28','0','0','1','0','0','0','166','167','658'
'Simpcw First Nation','110','110','15','13','0','0','0','0','0','0','218','255','721'
'Oregon Jack Creek','12','4','4','3','0','0','0','0','0','0','13','32','68'
'Coldwater','167','161','26','30','0','0','0','0','0','0','219','251','854'
'Cook''s Ferry','23','29','19','10','0','0','0','0','0','0','127','140','348'
'Lower Nicola','261','241','25','29','0','0','0','0','1','2','313','384','1 256'
'Nicomen','25','25','9','7','0','0','0','0','0','0','40','28','134'
'Upper Nicola','195','176','24','32','0','0','0','0','1','0','279','266','973'
'Shackan','40','29','5','4','0','0','0','0','0','0','27','28','133'
'Nooaitch','55','49','8','12','0','0','0','0','0','0','54','57','235'
'Boothroyd','38','25','12','11','0','0','0','0','0','0','101','97','284'
'Boston Bar First Nation','48','37','3','4','0','0','0','0','0','0','93','86','271'
'Whispering Pines/Clinton','31','21','1','6','0','0','0','0','0','0','54','45','158'
'High Bar','0','1','0','1','0','0','0','0','0','1','69','75','147'
'Kanaka Bar','35','28','9','7','0','0','0','0','0','0','89','69','237'
'Lytton','417','377','78','71','0','1','0','0','0','0','502','577','2 023'
'Siska','46','45','7','7','0','0','0','0','0','0','103','109','317'
'Skuppah','31','25','6','2','0','0','0','0','0','0','20','36','120'
'Spuzzum','27','18','1','1','0','0','0','0','2','1','119','124','293'
'?Esdilagh First Nation','38','13','2','2','0','1','0','0','0','0','63','85','204'
'Alexis Creek','176','147','4','21','0','0','0','1','0','0','150','197','696'
'Esk''etemc','209','187','27','19','0','0','0','0','0','1','278','280','1 001'
'Tl''etinqox Government','299','236','26','20','2','2','1','0','0','0','463','552','1 601'
'Canim Lake','209','210','9','8','0','0','0','0','0','0','81','90','607'
'Xeni Gwet''in First Nations Government','99','98','21','27','1','4','0','0','0','0','87','96','433'
'Lhtako Dene Nation','34','48','1','4','0','0','0','0','0','0','34','56','177'
'Soda Creek','75','66','18','18','0','0','0','0','0','0','123','134','434'
'Yunesit''in Government','119','114','13','18','0','0','0','0','3','2','100','101','470'
'Toosey','68','76','12','9','0','0','0','0','0','0','76','104','345'
'Williams Lake','108','124','22','22','0','0','0','0','1','0','249','296','822'
'Nazko First Nation','68','44','6','7','0','0','0','0','0','0','125','137','387'
'Lhoosk''uz Dene Nation','16','15','16','9','0','0','0','0','0','0','82','102','240'
'Ulkatcho','314','317','22','25','0','0','0','0','0','0','169','207','1 054'
'Stswecem''c Xgat''tem First Nation','140','113','28','21','1','1','0','1','0','0','230','221','756'
'Gwa''Sala-Nakwaxda''xw','313','264','11','13','0','0','0','0','0','0','182','228','1 011'
'Wet''suwet''en First Nation','31','50','4','5','1','0','0','0','0','0','86','70','247'
'Nee-Tahi-Buhn','24','15','8','8','0','0','0','0','0','0','38','57','150'
'Yekooche First Nation','57','45','4','7','0','0','0','0','1','0','59','64','237'
'Skin Tyee','26','27','4','1','0','0','0','0','0','0','78','47','183'
'Tulita Dene','1','0','2','4','198','188','3','2','0','0','134','175','707'
'Tetlit Gwich''in','5','1','2','1','467','466','2','4','0','1','239','264','1452'
'Fort Good Hope','2','1','0','2','300','279','1','0','0','0','143','170','898'
'Gwichya Gwich''in','2','1','1','1','121','109','1','1','0','1','113','134','485'
'Deline First Nation','0','2','2','2','440','435','0','0','0','1','66','82','1 030'
'Aklavik','3','1','0','0','134','128','1','0','0','0','78','100','445'
'Pehdzeh Ki First Nation','0','0','0','1','122','147','0','0','0','1','45','35','351'
'Liidlii Kue First Nation','1','1','3','0','383','369','0','6','2','1','284','282','1 332'
'Acho Dene Koe First Nation','1','0','7','7','264','271','0','0','0','1','69','81','701'
'Salt River First Nation #195','3','2','3','5','133','136','1','1','0','0','350','351','985'
'Deh Gáh Got''ie Dene First Nation','0','0','3','4','406','393','0','0','1','1','132','161','1 101'
'K''atlodeeche First Nation','107','125','2','7','89','84','0','0','1','0','120','114','649'
'Deninu K''ue First Nation','1','0','2','2','233','217','15','2','0','1','215','233','921'
'Yellowknives Dene First Nation','5','1','3','2','349','333','34','39','0','1','347','448','1 562'
'Lutsel K''e Dene First Nation','2','8','3','2','265','238','2','4','0','0','118','149','791'
'Dog Rib Rae','5','4','1','0','1 185','1 123','82','67','1','1','321','380','3 170'
'Nahanni Butte','1','0','0','0','58','66','1','0','0','0','9','10','145'
'Sambaa K''e First Nation','0','0','0','0','41','60','0','0','0','0','8','8','117'
'Ka''a''gee Tu First Nation','0','0','0','1','28','23','0','0','0','0','12','10','74'
'Wha Ti First Nation','0','1','0','0','332','300','2','6','0','0','15','21','677'
'Jean Marie River First Nation','0','1','0','0','52','63','0','0','0','0','18','15','149'
'"Behdzi Ahda"" First Nation"','0','2','0','0','92','97','2','1','0','0','23','19','236'
'West Point First Nation','7','8','0','0','8','13','0','0','0','0','21','17','74'
'Gameti First Nation','1','1','0','0','166','141','14','18','0','0','6','8','355'
'Dechi Laot''i First Nations','0','0','0','0','79','91','2','0','0','0','7','11','190'
'Inuvik Native','2','2','0','1','80','115','1','2','0','0','181','228','612'
