Abegweit,1,Île-du-prince-édouard,105,108,9,5,0,0,0,0,0,0,63,84,374
Lennox Island,2,Île-du-prince-édouard,199,191,0,9,0,0,0,0,1,0,252,303,955
Elsipogtog First Nation,3,Nouveau-brunswick,1301,1253,28,16,0,0,0,0,0,0,331,404,3333
Buctouche MicMac,4,Nouveau-brunswick,48,30,0,1,0,0,0,0,0,0,19,24,122
Esgenoopetitj First Nation,5,Nouveau-brunswick,661,663,16,24,0,0,0,0,0,0,243,287,1894
Madawaska Maliseet First Nation,6,Nouveau-brunswick,78,76,0,0,0,0,0,0,0,0,111,104,369
Eel Ground,7,Nouveau-brunswick,289,296,8,7,0,0,0,0,0,0,229,234,1063
Eel River Bar First Nation,8,Nouveau-brunswick,168,181,7,8,0,0,0,0,0,0,177,201,742
Fort Folly,9,Nouveau-brunswick,11,24,0,0,0,0,0,0,0,1,45,50,131
Indian Island,10,Nouveau-brunswick,49,58,1,0,0,0,0,0,0,0,34,48,190
Kingsclear,11,Nouveau-brunswick,337,384,0,0,0,0,1,0,0,0,145,164,1031
Oromocto,12,Nouveau-brunswick,162,154,0,2,0,0,0,0,0,0,161,207,686
Pabineau,13,Nouveau-brunswick,57,45,0,2,0,0,0,0,0,0,107,100,311
Metepenagiag Mi'kmaq Nation,14,Nouveau-brunswick,221,209,13,16,0,0,0,0,0,0,93,123,675
Saint Mary's,15,Nouveau-brunswick,424,445,20,26,0,0,0,1,1,0,446,548,1911
Tobique,16,Nouveau-brunswick,753,779,4,2,0,0,0,0,1,0,384,443,2366
Woodstock,17,Nouveau-brunswick,177,113,2,2,0,0,0,0,0,0,320,433,1047
Acadia,18,Nouvelle-écosse,108,122,2,0,0,0,0,0,1,2,626,663,1524
Paqtnkek Mi'kmaw Nation,19,Nouvelle-écosse,187,217,10,18,0,0,0,0,0,0,61,80,573
Annapolis Valley,20,Nouvelle-écosse,64,53,0,0,0,0,0,0,0,0,69,104,290
Bear River,21,Nouvelle-écosse,47,63,0,0,0,0,0,0,0,0,111,117,338
Potlotek First Nation,22,Nouvelle-écosse,281,271,16,19,0,0,0,0,0,0,63,77,727
Eskasoni,23,Nouvelle-écosse,1861,1919,15,16,0,0,1,0,0,0,290,341,4443
Pictou Landing,24,Nouvelle-écosse,233,250,11,12,0,0,0,0,0,0,82,75,663
SIPEKNE'KATIK,25,Nouvelle-écosse,598,670,34,32,0,0,1,0,6,6,612,686,2645
Membertou,26,Nouvelle-écosse,458,446,19,22,0,0,0,0,1,2,279,273,1500
Millbrook,27,Nouvelle-écosse,435,437,23,13,0,1,1,1,1,0,441,475,1828
Wagmatcook,28,Nouvelle-écosse,316,310,19,23,0,0,0,0,0,0,78,106,852
Waycobah First Nation,29,Nouvelle-écosse,439,444,14,19,1,1,0,0,0,0,34,47,999
Glooscap First Nation,30,Nouvelle-écosse,30,64,0,1,0,0,0,0,0,0,137,143,375
Mushuau Innu First Nation,32,,451,481,0,1,0,0,0,0,0,0,35,44,1012
Sheshatshiu Innu First Nation,33,,729,727,9,5,0,0,0,0,0,0,64,101,1635
Qalipu Mi'kmaq First Nation,34,,0,0,0,1,0,0,0,0,7,6,12234,12499,24747
Miawpukek,47,,452,390,0,0,0,0,0,0,0,1,1087,1099,3029
Nation Huronne Wendat,50,Québec,726,776,1,3,0,0,0,0,0,0,1172,1364,4042
Listuguj Mi'gmaq Government,51,Québec,1051,1010,16,15,0,0,0,0,0,0,863,1070,4025
Micmacs of Gesgapegiag,52,Québec,362,327,8,9,0,0,0,0,0,0,362,432,1500
La Nation Micmac de Gespeg,53,Québec,0,0,0,0,0,0,0,0,0,0,381,407,788
Première Nation Malecite de Viger,54,Québec,0,0,1,0,0,0,0,0,0,0,573,617,1191
Conseil de la Première Nation Abitibiwinni,55,Québec,260,314,15,13,0,0,0,0,0,0,228,231,1061
Waswanipi,56,Québec,832,767,66,41,0,0,3,6,4,5,206,267,2197
Eastmain,57,Québec,396,377,29,30,0,0,0,0,1,1,19,26,879
Cree Nation of Chisasibi,58,Québec,2153,2147,71,60,0,0,1,0,0,0,70,102,4604
Cree Nation of Nemaska,59,Québec,356,358,30,21,0,0,0,0,0,0,12,11,788
Cree Nation of Wemindji,60,Québec,688,713,20,20,0,0,4,2,1,1,60,75,1584
The Crees of the Waskaganish First Nation,61,Québec,1113,1115,77,72,0,0,0,1,0,2,239,223,2842
Communauté anicinape de Kitcisakik,62,Québec,12,2,14,10,177,194,0,1,0,0,47,40,497
Nation Anishnabe du Lac Simon,63,Québec,871,834,15,31,4,7,4,2,0,0,183,208,2159
Timiskaming First Nation,64,Québec,301,293,3,5,0,0,1,0,1,1,699,832,2136
Eagle Village First Nation - Kipawa,65,Québec,148,140,0,0,0,0,0,0,0,0,349,361,998
Long Point First Nation,67,Québec,0,0,9,11,228,226,1,1,0,2,175,212,865
Wolf Lake,68,Québec,0,0,2,4,0,0,0,0,0,0,113,113,232
Mohawks of Kanesatake,69,Québec,645,725,8,14,0,0,1,1,0,1,519,601,2515
Mohawks of Kahnawá:ke,70,Québec,3913,4074,12,5,0,0,0,0,4,2,1398,1621,11029
Première Nation des Abénakis de Wôlinak,71,Québec,29,56,0,0,0,0,0,0,0,0,123,146,354
Odanak,72,Québec,143,153,0,0,0,0,0,0,0,0,1009,1168,2473
Kitigan Zibi Anishinabeg,73,Québec,806,800,7,15,0,0,1,1,0,0,731,902,3263
Algonquins of Barriere Lake,74,Québec,154,142,11,18,151,145,1,3,0,0,78,88,791
Cree Nation of Mistissini,75,Québec,1812,1811,60,62,0,0,1,1,7,5,112,129,4000
Montagnais du Lac St-Jean,76,Québec,1041,1010,11,14,0,0,0,0,2,0,2162,2386,6626
Conseil des Atikamekw de Wemotaci,77,Québec,749,701,17,14,0,0,0,0,0,0,221,226,1928
Les Atikamekw de Manawan,78,Québec,1261,1206,17,9,0,0,0,0,0,0,177,242,2912
Atikamekw d'Opitciwan,79,Québec,1314,1069,22,15,0,0,0,0,0,1,248,292,2961
Innu Takuaikan Uashat Mak Mani-Utenam,80,Québec,1742,1763,27,21,1,5,0,0,0,0,508,557,4624
Naskapi Nation of Kawawachikamach,81,Québec,347,324,14,20,0,0,0,0,0,2,32,34,773
Les Innus de Ekuanitshit,82,Québec,282,312,5,3,0,0,0,0,0,0,15,16,633
Montagnais de Natashquan,83,Québec,531,485,5,5,0,0,1,0,0,0,33,60,1120
Montagnais de Unamen Shipu,84,Québec,558,554,13,8,2,1,0,0,0,0,24,20,1180
Bande des Innus de Pessamit,85,Québec,1375,1444,28,37,0,0,0,0,1,1,477,591,3954
Innue Essipit,86,Québec,103,104,0,0,0,0,0,0,0,0,255,285,747
La Nation Innu Matimekush-Lac John,87,Québec,406,406,29,29,0,0,0,0,0,0,61,57,988
Montagnais de Pakua Shipi,88,Québec,2,0,8,10,185,162,0,0,0,0,3,5,375
Oujé-Bougoumou Cree Nation,89,Québec,89,100,8,7,0,0,0,3,322,318,13,17,877
Première nation de Whapmagoostui,95,Québec,484,456,4,8,0,0,1,0,0,1,15,13,982
Mississaugas of the Credit,120,Ontario,455,484,16,25,0,0,0,0,1,0,706,772,2459
Six Nations of the Grand River,121,Ontario,0,0,0,0,0,0,0,0,0,0,0,0,0
Chippewas of Nawash First Nation,122,Ontario,346,373,9,22,1,0,0,0,0,0,919,1011,2681
Saugeen,123,Ontario,413,389,21,29,0,0,0,0,1,0,487,514,1854
Big Grassy,124,Ontario,128,124,25,15,0,0,0,0,0,0,224,270,786
Anishnaabeg of Naongashiing,125,Ontario,90,87,11,12,0,0,0,0,1,1,107,119,428
Couchiching First Nation,126,Ontario,354,345,19,27,0,0,0,0,1,2,845,931,2524
Lac La Croix,127,Ontario,171,143,3,6,0,0,0,0,0,0,62,77,462
Naicatchewenin,128,Ontario,155,158,0,0,0,0,0,0,0,0,87,82,482
Nigigoonsiminikaaning First Nation,129,Ontario,79,82,2,1,0,0,0,0,0,0,100,108,372
Rainy River First Nations,130,Ontario,205,239,7,14,0,0,0,0,0,0,295,345,1105
Ojibways of Onigaming First Nation,131,Ontario,249,217,6,13,1,0,0,0,0,0,125,183,794
Seine River First Nation,132,Ontario,159,190,6,4,0,0,0,0,1,0,205,208,773
Mitaanjigamiing First Nation,133,Ontario,58,52,0,0,0,0,0,0,0,0,26,24,160
Wahta Mohawk,134,Ontario,87,70,0,0,0,0,0,0,0,0,299,355,811
Moose Deer Point,135,Ontario,61,79,6,0,0,0,0,0,0,1,166,183,496
Wasauksing First Nation,136,Ontario,208,196,12,6,0,0,0,0,1,0,410,465,1298
Shawanaga First Nation,137,Ontario,86,94,2,1,0,0,0,0,0,0,223,252,658
Chippewas of Georgina Island,138,Ontario,95,110,1,0,0,0,0,0,0,0,333,360,899
Chippewas of Rama First Nation,139,Ontario,365,353,8,8,0,0,0,0,2,0,569,601,1906
Mississaugas of Scugog Island First Nation,140,Ontario,27,22,2,1,0,0,0,0,0,0,92,93,237
Beausoleil,141,Ontario,307,334,11,11,0,0,0,0,1,1,826,970,2461
Albany,142,Ontario,1567,1541,43,40,0,2,0,0,4,1,879,915,4992
Attawapiskat,143,Ontario,1011,932,46,48,15,10,0,0,0,0,706,832,3600
Moose Cree First Nation,144,Ontario,948,854,49,39,0,1,0,0,1,0,1327,1444,4663
Taykwa Tagamou Nation,145,Ontario,74,63,5,4,0,0,0,0,1,0,213,246,606
Weenusk,146,Ontario,9,8,3,0,133,125,4,2,2,3,164,142,595
Ochiichagwe'babigo'ining First Nation,147,Ontario,89,71,10,8,0,0,0,0,0,0,133,145,456
Eagle Lake,148,Ontario,185,174,6,5,0,0,0,0,0,0,116,129,615
Grassy Narrows First Nation,149,Ontario,475,486,25,21,1,0,0,0,0,0,270,295,1573
Wabaseemoong Independent Nations,150,Ontario,481,490,3,6,0,0,0,0,0,0,474,506,1960
Northwest Angle No.33,151,Ontario,112,105,16,17,0,0,0,0,0,0,121,177,548
Animakee Wa Zhing #37,152,Ontario,88,93,3,2,0,0,0,0,0,0,120,108,414
Anishinabe of Wauzhushk Onigum,153,Ontario,199,170,5,3,0,0,0,0,0,0,174,211,762
Iskatewizaagegan #39 Independent First Nation,154,Ontario,165,160,19,15,0,0,0,0,0,0,138,147,644
Shoal Lake No.40,155,Ontario,146,141,10,4,0,0,0,0,0,0,146,190,637
Wabauskang First Nation,156,Ontario,66,70,2,2,0,0,0,0,0,0,93,99,332
Wabigoon Lake Ojibway Nation,157,Ontario,104,90,2,1,0,0,0,0,0,2,265,263,727
Naotkamegwanning,158,Ontario,392,364,11,8,0,0,0,0,0,0,248,244,1267
Mohawks of Akwesasne,159,Ontario,4753,4955,40,33,0,0,1,0,3,0,1240,1407,12432
Alderville First Nation,160,Ontario,151,161,2,5,0,0,0,0,0,0,391,437,1147
Curve Lake,161,Ontario,387,397,5,2,0,0,0,0,0,3,716,811,2321
Hiawatha First Nation,162,Ontario,86,115,0,1,0,0,0,0,2,1,189,239,633
Algonquins of Pikwakanagan First Nation,163,Ontario,232,228,2,1,0,0,0,0,0,1,1042,1149,2655
Mohawks of the Bay of Quinte,164,Ontario,1055,1123,9,9,0,0,0,0,1,2,3551,3968,9718
Caldwell,165,Ontario,0,2,0,0,0,0,0,0,0,0,163,200,365
Chippewas of the Thames First Nation,166,Ontario,492,493,4,2,0,0,0,0,1,0,853,1031,2876
Moravian of the Thames,167,Ontario,294,289,13,10,0,0,0,0,0,0,294,385,1285
Munsee-Delaware Nation,168,Ontario,75,80,13,12,0,0,0,0,1,0,217,249,647
Oneida Nation of the Thames,169,Ontario,1074,1091,25,27,0,0,0,0,1,2,1821,2105,6146
Walpole Island,170,Ontario,1197,1154,18,5,0,0,0,0,0,0,1167,1332,4873
Chippewas of Kettle and Stony Point,171,Ontario,688,644,12,13,0,0,0,0,1,1,512,615,2486
Aamjiwnaang,172,Ontario,444,446,37,43,0,0,0,0,0,1,653,777,2401
Zhiibaahaasing First Nation,173,Ontario,32,33,1,0,0,0,0,0,0,0,48,55,169
Magnetawan,174,Ontario,43,33,4,2,0,0,0,0,0,0,83,99,264
Wikwemikong,175,Ontario,1587,1586,39,41,0,0,0,0,2,3,2232,2634,8124
Sheguiandah,176,Ontario,79,71,16,17,0,0,0,0,0,0,100,125,408
Sheshegwaning,178,Ontario,52,63,2,4,0,0,0,0,0,0,148,171,440
Sagamok Anishnawbek,179,Ontario,828,750,6,11,0,0,1,0,2,0,599,702,2899
Aundeck-Omni-Kaning,180,Ontario,192,180,14,6,0,0,0,0,0,0,206,251,849
M'Chigeeng First Nation,181,Ontario,481,459,21,15,1,0,0,0,3,3,763,863,2609
Constance Lake,182,Ontario,455,395,8,14,0,0,0,0,2,3,398,437,1712
Eabametoong First Nation,183,Ontario,822,686,27,25,1,0,0,0,1,1,505,535,2603
Long Lake No.58 First Nation,184,Ontario,260,247,1,3,0,1,0,0,1,0,491,538,1542
Ginoogaming First Nation,185,Ontario,102,96,9,9,0,0,0,0,1,0,355,380,952
Martin Falls,186,Ontario,190,158,18,18,0,0,2,1,1,2,177,198,765
Fort William,187,Ontario,495,482,7,14,0,0,0,0,2,2,656,727,2385
Gull Bay,188,Ontario,205,161,6,11,0,1,0,0,7,1,485,500,1377
Lac Des Mille Lacs,189,Ontario,4,3,1,0,0,0,0,0,1,0,313,329,651
Whitesand,190,Ontario,193,169,10,9,2,1,0,0,0,1,419,446,1250
Pays Plat,191,Ontario,43,29,3,3,0,0,0,0,0,0,76,92,246
Biigtigong Nishnaabeg,192,Ontario,258,277,1,0,0,0,0,0,0,0,307,333,1176
Red Rock,193,Ontario,142,143,5,6,0,0,0,0,1,0,740,800,1837
Animbiigoo Zaagi'igan Anishinaabek,194,Ontario,1,2,5,1,0,0,0,0,46,41,184,211,491
Pic Mobert,195,Ontario,193,161,0,2,0,0,0,0,0,1,319,325,1001
Bingwi Neyaashi Anishinaabek,196,Ontario,32,32,12,6,0,0,0,0,0,0,93,81,256
Biinjitiwaabik Zaaging Anishinaabek,197,Ontario,170,166,6,0,0,0,0,0,0,0,188,213,743
Batchewana First Nation,198,Ontario,376,400,24,20,0,1,0,1,0,3,970,1092,2887
Garden River First Nation,199,Ontario,625,618,26,34,0,0,0,0,0,0,735,870,2908
Mississauga,200,Ontario,186,205,6,0,0,0,0,0,0,0,450,470,1317
Serpent River,201,Ontario,173,185,9,16,0,0,0,0,2,0,471,542,1398
Thessalon,202,Ontario,56,52,0,2,0,0,0,0,0,0,314,354,778
Mishkeegogamang,203,Ontario,553,516,52,68,0,1,0,1,0,1,313,383,1888
North Caribou Lake,204,Ontario,380,453,29,25,0,1,0,0,0,0,121,136,1145
Lac Seul,205,Ontario,477,415,16,14,1,0,0,0,16,8,1202,1299,3448
Wapekeka,206,Ontario,219,235,1,1,0,0,0,0,0,0,5,5,466
Bearskin Lake,207,Ontario,256,220,1,3,0,0,0,0,0,0,207,237,924
Pikangikum,208,Ontario,1433,1334,8,12,0,0,0,0,0,0,53,51,2891
Kitchenuhmaykoosib Inninuwug,209,Ontario,563,566,13,16,0,0,0,0,1,0,266,252,1677
Kasabonika Lake,210,Ontario,526,549,17,9,4,1,1,0,0,0,26,26,1159
Sandy Lake,211,Ontario,1337,1269,27,24,1,0,0,0,2,0,189,219,3068
Kingfisher,212,Ontario,277,258,5,2,0,0,0,0,2,0,24,21,589
Muskrat Dam Lake,213,Ontario,103,108,10,14,0,0,0,0,0,0,96,103,434
Sachigo Lake,214,Ontario,249,262,24,20,0,0,0,0,2,1,176,196,930
Fort Severn,215,Ontario,268,273,7,6,1,0,0,0,0,0,66,86,707
Cat Lake,216,Ontario,326,277,12,17,3,1,0,0,0,0,62,70,768
Wunnumin,217,Ontario,287,278,13,9,3,1,0,0,1,1,48,52,693
Dokis,218,Ontario,90,84,1,1,0,0,0,0,0,1,530,517,1224
Matachewan,219,Ontario,29,14,0,3,1,1,0,0,1,2,351,387,789
Nipissing First Nation,220,Ontario,484,472,9,15,1,0,0,0,3,2,800,927,2713
Chapleau Cree First Nation,221,Ontario,32,27,1,0,0,0,0,0,0,1,229,186,476
Temagami First Nation,222,Ontario,126,117,12,7,2,2,0,0,2,3,264,312,847
Missanabie Cree,223,Ontario,1,1,0,2,0,0,0,0,0,0,235,222,461
Atikameksheng Anishnawbek,224,Ontario,187,198,22,21,0,0,0,0,0,0,390,437,1255
Michipicoten,225,Ontario,38,29,0,0,0,0,0,0,0,0,508,565,1140
Mattagami,226,Ontario,89,79,4,2,0,0,0,0,4,2,181,209,570
Flying Post,227,Ontario,0,1,0,0,0,0,0,0,0,0,108,114,223
Brunswick House,228,Ontario,113,94,3,3,0,0,0,0,1,0,298,307,819
Chapleau Ojibway,229,Ontario,15,15,1,0,0,0,0,0,0,0,4,5,40
Whitefish River,230,Ontario,202,199,14,16,0,0,0,0,0,0,421,462,1314
Henvey Inlet First Nation,231,Ontario,99,90,1,4,0,0,0,0,0,0,318,318,830
Wahnapitae,232,Ontario,33,27,0,0,0,0,0,0,0,0,207,252,519
Wahgoshig First Nation,233,Ontario,77,58,5,7,0,0,0,0,0,0,92,93,332
Wawakapewin,234,Ontario,22,17,5,4,0,0,0,0,0,0,11,14,73
Obashkaandagaang,235,Ontario,75,73,15,14,0,0,0,0,0,0,70,84,331
Poplar Hill,236,Ontario,315,287,8,7,0,0,0,0,0,0,10,6,633
Deer Lake,237,Ontario,529,537,21,14,0,0,0,0,0,0,103,120,1324
North Spirit Lake,238,Ontario,220,219,2,4,0,0,0,0,0,0,21,43,509
Neskantaga First Nation,239,Ontario,172,165,7,11,2,1,0,0,0,0,50,56,464
Webequie,240,Ontario,149,162,5,4,237,238,0,2,1,0,55,60,913
Nibinamik First Nation,241,Ontario,29,25,2,6,0,1,1,0,159,169,54,79,525
Aroland,242,Ontario,9,6,4,3,1,0,0,2,205,186,150,153,719
Bay of Quinte Mohawk,244,Ontario,172,178,2,3,0,0,0,0,0,0,205,229,789
Tuscarora,245,Ontario,510,484,0,3,0,0,0,0,0,0,586,689,2272
Oneida,246,Ontario,390,392,3,1,0,0,0,0,1,0,607,721,2115
Onondaga Clear Sky,247,Ontario,214,231,0,1,0,0,0,0,1,0,186,198,831
Bearfoot Onondaga,248,Ontario,128,124,0,2,0,0,0,0,1,0,183,214,652
Upper Cayuga,249,Ontario,782,719,6,4,0,0,0,0,1,3,1051,1186,3752
Lower Cayuga,250,Ontario,1164,1183,6,5,1,0,0,0,0,0,634,761,3754
Konadaha Seneca,251,Ontario,102,108,0,0,0,0,0,0,0,0,157,210,577
Niharondasa Seneca,252,Ontario,86,84,3,1,0,0,0,0,0,0,102,116,392
Delaware,253,Ontario,116,121,1,1,0,0,0,0,0,1,205,253,698
Lower Mohawk,254,Ontario,1040,1061,12,16,0,0,0,1,0,4,975,1128,4237
Walker Mohawk,255,Ontario,153,152,0,0,0,0,0,0,0,0,90,98,493
Upper Mohawk,257,Ontario,1476,1488,9,6,0,0,0,0,0,0,1522,1906,6407
Ojibway Nation of Saugeen,258,Ontario,42,41,4,1,13,4,0,0,0,0,64,64,233
Slate Falls Nation,259,Ontario,21,9,3,5,0,1,0,0,91,78,38,36,282
Black River First Nation,260,Manitoba,472,480,5,7,1,1,0,0,0,0,205,183,1354
Brokenhead Ojibway Nation,261,Manitoba,418,368,1,4,0,0,0,0,1,0,592,665,2049
Fort Alexander,262,Manitoba,1777,1692,18,16,0,0,0,0,0,0,2099,2240,7842
Hollow Water,263,Manitoba,506,528,6,3,0,1,0,0,2,0,447,474,1967
Fisher River,264,Manitoba,986,946,4,6,0,0,0,1,0,1,980,943,3867
Buffalo Point First Nation,265,Manitoba,27,29,2,1,0,0,0,0,0,0,32,40,131
Berens River,266,Manitoba,1151,1003,10,5,0,0,0,2,0,0,574,648,3393
Bloodvein,267,Manitoba,549,551,4,6,0,0,0,0,0,1,330,362,1803
Kinonjeoshtegon First Nation,268,Manitoba,181,178,1,2,0,0,0,0,1,0,196,194,753
Peguis,269,Manitoba,1766,1665,57,73,0,0,0,1,0,1,3135,3391,10089
Little Grand Rapids,270,Manitoba,686,614,1,1,0,0,0,0,0,0,173,179,1654
Lake Manitoba,271,Manitoba,634,575,6,9,0,0,0,0,0,0,414,435,2073
Pinaymootang First Nation,272,Manitoba,630,648,3,2,0,0,0,0,0,0,934,1053,3270
Roseau River Anishinabe First Nation Government,273,Manitoba,617,550,13,16,0,0,0,0,0,1,678,747,2622
Little Saskatchewan,274,Manitoba,345,332,3,7,0,0,0,0,0,0,257,302,1246
Lake St. Martin,275,Manitoba,830,821,11,7,0,1,0,0,1,0,487,534,2692
Cross Lake Band of Indians,276,Manitoba,3010,2965,65,76,10,1,1,3,3,2,1191,1222,8549
Poplar River First Nation,277,Manitoba,624,584,43,38,0,1,0,1,0,0,265,310,1866
Norway House Cree Nation,278,Manitoba,3044,3059,23,29,0,0,0,0,1,1,887,995,8039
O-Chi-Chak-Ko-Sipi First Nation,279,Manitoba,266,258,8,6,0,0,0,0,0,1,269,316,1124
Ebb and Flow,280,Manitoba,827,912,32,27,0,0,0,0,1,0,654,678,3131
Skownan First Nation,281,Manitoba,374,384,1,2,0,0,0,0,0,1,390,356,1508
Pine Creek,282,Manitoba,633,524,3,1,0,0,0,0,1,2,1155,1245,3564
Sandy Bay,283,Manitoba,2162,1941,22,25,0,0,0,0,0,1,1206,1309,6666
Birdtail Sioux,284,Manitoba,214,210,34,30,0,0,0,0,0,0,190,221,899
Waywayseecappo First Nation Treaty Four - 1874,285,Manitoba,772,787,6,9,1,0,0,0,0,0,568,587,2730
Keeseekoowenin,286,Manitoba,268,237,0,1,0,0,0,0,0,0,359,398,1263
Long Plain,287,Manitoba,1191,1082,24,22,0,0,0,0,0,0,986,1085,4390
Dakota Plains,288,Manitoba,83,84,4,7,0,0,0,0,0,0,40,48,266
Canupawakpa Dakota First Nation,289,Manitoba,150,147,18,15,0,0,0,1,0,0,159,190,680
Sioux Valley Dakota Nation,290,Manitoba,687,664,54,56,0,0,0,0,0,0,512,621,2594
Rolling River,291,Manitoba,229,234,0,0,0,0,0,0,0,0,317,301,1081
Tootinaowaziibeeng Treaty Reserve,292,Manitoba,322,340,5,1,0,0,0,0,0,1,385,410,1464
Swan Lake,293,Manitoba,287,355,4,9,0,0,0,0,0,0,357,400,1412
Gamblers,294,Manitoba,27,32,3,2,0,0,0,0,0,0,83,122,269
Dakota Tipi,295,Manitoba,121,77,0,2,0,0,0,0,1,0,112,90,403
God's Lake First Nation,296,Manitoba,773,672,3,3,1,0,0,0,24,35,601,637,2749
Garden Hill First Nations,297,Manitoba,2060,1894,29,35,1,0,1,1,3,5,320,363,4712
St. Theresa Point,298,Manitoba,2017,1897,8,11,0,0,0,0,0,0,122,160,4215
Wasagamack First Nation,299,Manitoba,1002,946,10,6,0,0,0,0,0,0,85,111,2160
Red Sucker Lake,300,Manitoba,479,481,5,9,0,0,0,1,0,0,56,73,1104
Bunibonibee Cree Nation,301,Manitoba,1291,1222,19,9,14,19,0,0,0,0,221,311,3106
Manto Sipi Cree Nation,302,Manitoba,399,401,2,4,0,0,0,0,0,0,65,66,937
Sayisi Dene First Nation,303,Manitoba,175,137,1,3,0,0,0,0,0,0,236,276,828
York Factory First Nation,304,Manitoba,216,184,28,23,0,0,0,0,2,4,437,454,1348
Fox Lake,305,Manitoba,114,106,13,17,2,2,0,0,0,0,453,543,1250
Tataskweyak Cree Nation,306,Manitoba,1183,1117,54,75,0,0,0,1,1,1,675,739,3846
Shamattawa First Nation,307,Manitoba,725,719,1,3,0,0,0,0,1,0,74,69,1592
Barren Lands,308,Manitoba,232,212,13,11,0,0,0,0,14,21,307,343,1153
Chemawawin Cree Nation,309,Manitoba,749,722,16,14,0,0,0,0,1,0,168,180,1850
Misipawistik Cree Nation,310,Manitoba,607,613,44,44,0,1,0,0,4,5,339,359,2016
Mathias Colomb,311,Manitoba,1167,1019,84,90,44,34,0,0,18,16,596,689,3757
Mosakahiken Cree Nation,312,Manitoba,803,789,13,10,1,0,0,0,2,3,282,311,2214
Nisichawayasihk Cree Nation,313,Manitoba,1529,1410,13,16,0,0,0,0,60,65,903,1121,5117
Sapotaweyak Cree Nation,314,Manitoba,500,438,41,27,4,5,1,0,12,4,749,756,2537
Opaskwayak Cree Nation,315,Manitoba,1623,1620,8,10,0,0,0,0,0,1,1310,1413,5985
Dauphin River,316,Manitoba,113,141,1,0,0,0,0,1,0,0,56,62,374
Northlands,317,Manitoba,444,483,3,2,0,0,0,0,0,1,80,79,1092
O-Pipon-Na-Piwin Cree Nation,318,Manitoba,618,525,10,8,0,0,0,0,1,2,251,242,1657
War Lake First Nation,323,Manitoba,57,36,2,5,14,12,0,0,0,0,82,109,317
Wuskwi Sipihk First Nation,324,Manitoba,97,81,2,0,2,3,0,0,0,0,207,240,632
Kee-Way-Win,325,Ontario,239,224,52,64,1,0,0,0,0,0,89,122,791
McDowell Lake,326,Ontario,1,0,0,1,0,0,0,0,13,8,18,18,59
Pauingassi First Nation,327,Manitoba,323,277,1,1,0,0,0,0,0,0,23,29,654
Marcel Colomb First Nation,328,Manitoba,25,13,1,2,130,126,0,0,0,0,72,61,430
Little Pine,340,Saskatchewan,458,433,48,36,0,0,0,1,0,1,481,550,2008
Lucky Man,341,Saskatchewan,2,3,14,6,0,0,0,0,0,1,41,48,115
Moosomin,342,Saskatchewan,551,554,25,28,0,0,0,0,1,1,318,346,1824
"Mosquito, Grizzly Bear's Head, Lean Man First Nations",343,Saskatchewan,383,327,25,29,0,0,1,0,2,1,298,326,1392
Onion Lake Cree Nation,344,Saskatchewan,1831,1879,116,127,1,0,0,0,0,0,1024,1105,6083
Poundmaker,345,Saskatchewan,406,393,71,67,0,0,0,0,0,0,337,446,1720
Red Pheasant,346,Saskatchewan,379,336,55,54,0,0,1,0,2,1,783,849,2460
Saulteaux,347,Saskatchewan,331,296,20,35,0,0,0,0,1,1,297,307,1288
Sweetgrass,348,Saskatchewan,366,335,39,43,0,1,2,2,0,1,557,626,1972
Thunderchild First Nation,349,Saskatchewan,552,506,132,146,0,0,0,0,0,0,759,780,2875
Cumberland House Cree Nation,350,Saskatchewan,443,451,16,8,0,0,0,0,39,27,324,353,1661
Fond du Lac,351,Saskatchewan,551,550,14,17,0,0,0,0,0,0,419,475,2026
Hatchet Lake,352,Saskatchewan,697,693,9,14,0,0,0,0,0,1,203,214,1831
Lac La Ronge,353,Saskatchewan,3291,3266,101,68,79,100,0,1,4,5,1845,2004,10764
Montreal Lake,354,Saskatchewan,1102,999,46,46,102,95,0,0,0,0,757,833,3980
Peter Ballantyne Cree Nation,355,Saskatchewan,2860,2818,103,97,522,468,1,0,12,1,1796,1952,10630
Red Earth,356,Saskatchewan,738,750,13,23,0,0,0,0,0,0,126,131,1781
Shoal Lake Cree Nation,357,Saskatchewan,417,402,18,14,1,0,0,0,1,0,96,85,1034
Wahpeton Dakota Nation,358,Saskatchewan,159,163,10,13,0,0,0,0,0,0,84,95,524
Black Lake,359,Saskatchewan,809,779,12,11,0,0,0,0,0,0,249,297,2157
Sturgeon Lake First Nation,360,Saskatchewan,934,861,44,39,0,0,0,0,0,0,489,565,2932
Cowessess,361,Saskatchewan,423,403,54,50,0,0,0,1,0,1,1508,1757,4197
Kahkewistahaw,362,Saskatchewan,303,283,34,47,0,0,0,1,0,0,636,712,2016
Ochapowace,363,Saskatchewan,320,290,21,33,0,1,1,0,0,0,531,584,1781
Sakimay First Nations,364,Saskatchewan,148,119,9,13,0,0,0,0,0,0,678,722,1689
White Bear,365,Saskatchewan,415,422,36,35,0,0,0,0,0,0,851,916,2675
Cote First Nation 366,366,Saskatchewan,521,500,43,31,0,0,0,0,2,0,1263,1499,3859
Keeseekoose,367,Saskatchewan,365,328,35,32,0,0,0,0,0,0,802,895,2457
The Key First Nation,368,Saskatchewan,143,153,13,10,0,0,0,0,1,0,497,514,1331
Beardy's and Okemasis,369,Saskatchewan,650,652,24,22,0,0,0,0,0,0,1021,1042,3411
James Smith,370,Saskatchewan,970,893,27,45,0,0,0,0,0,1,725,807,3468
Muskoday First Nation,371,Saskatchewan,331,290,8,12,0,0,0,0,0,0,575,689,1905
Whitecap Dakota First Nation,372,Saskatchewan,145,167,5,4,0,0,0,0,0,0,149,178,648
One Arrow First Nation,373,Saskatchewan,368,367,34,33,0,0,0,0,1,0,528,566,1897
Mistawasis Nêhiyawak,374,Saskatchewan,573,519,39,57,0,0,0,0,0,0,740,792,2720
Muskeg Lake Cree Nation #102,375,Saskatchewan,190,177,24,16,0,0,0,0,0,0,776,898,2081
Yellow Quill,376,Saskatchewan,488,408,33,32,2,0,1,0,1,0,976,1025,2966
Kinistin Saulteaux Nation,377,Saskatchewan,175,141,29,36,0,0,0,0,0,0,299,351,1031
Carry The Kettle,378,Saskatchewan,441,426,23,35,0,0,1,0,0,0,885,1020,2831
Little Black Bear,379,Saskatchewan,104,97,8,3,0,0,0,0,0,0,167,186,565
Nekaneet,380,Saskatchewan,113,95,5,14,1,0,0,0,0,0,144,134,506
Muscowpetung,381,Saskatchewan,169,132,35,27,0,0,0,0,0,0,485,548,1396
Okanese,382,Saskatchewan,146,132,8,6,0,0,1,0,0,0,199,215,707
Pasqua First Nation #79,383,Saskatchewan,351,305,32,48,0,0,1,0,0,0,749,756,2242
Peepeekisis Cree Nation No.81,384,Saskatchewan,323,285,29,31,0,0,0,0,0,1,993,1078,2740
Piapot,385,Saskatchewan,357,294,48,41,0,0,0,0,0,0,808,896,2444
Standing Buffalo,386,Saskatchewan,242,233,6,23,0,0,0,0,0,1,396,372,1273
Star Blanket Cree Nation,387,Saskatchewan,127,126,15,18,0,0,0,0,0,0,184,209,679
Wood Mountain,388,Saskatchewan,4,3,0,0,0,0,0,0,0,0,136,143,286
Day Star,389,Saskatchewan,92,76,14,11,0,0,0,0,0,0,166,159,518
Fishing Lake First Nation,390,Saskatchewan,252,239,33,25,0,0,0,0,0,0,595,642,1786
George Gordon First Nation,391,Saskatchewan,649,523,52,48,0,0,0,0,0,0,1144,1252,3668
Muskowekwan,392,Saskatchewan,294,268,36,30,0,0,0,0,0,0,599,650,1877
Kawacatoose,393,Saskatchewan,581,554,45,54,0,1,0,0,2,3,928,1004,3172
Canoe Lake Cree First Nation,394,Saskatchewan,531,497,31,32,0,0,0,0,0,0,666,647,2404
Flying Dust First Nation,395,Saskatchewan,269,251,20,36,0,0,0,0,0,0,365,431,1372
Makwa Sahgaiehcan First Nation,396,Saskatchewan,545,514,65,55,0,0,0,0,0,0,217,219,1615
Ministikwan Lake Cree Nation,397,Saskatchewan,447,475,60,77,0,0,0,0,2,0,123,129,1313
Buffalo River Dene Nation,398,Saskatchewan,390,374,24,20,0,0,0,0,0,0,306,307,1421
Big Island Lake Cree Nation,399,Saskatchewan,406,427,59,84,0,0,0,1,0,0,99,124,1200
English River First Nation,400,Saskatchewan,377,386,18,20,0,0,0,0,0,0,367,387,1555
Clearwater River Dene,401,Saskatchewan,458,443,18,20,0,0,0,0,3,3,586,563,2094
Waterhen Lake,402,Saskatchewan,427,431,60,50,0,0,0,0,0,2,489,553,2012
Birch Narrows First Nation,403,Saskatchewan,203,213,16,20,0,0,0,0,0,0,161,168,781
Big River,404,Saskatchewan,1209,1157,96,88,0,0,0,0,1,10,435,486,3482
Pelican Lake,405,Saskatchewan,563,494,100,88,0,0,0,0,1,1,208,187,1642
Ahtahkakoop,406,Saskatchewan,930,892,42,61,1,2,0,1,1,0,816,800,3546
Witchekan Lake,407,Saskatchewan,272,222,22,17,0,0,0,0,0,0,98,134,765
Ocean Man,408,Saskatchewan,76,58,26,27,0,0,0,0,0,0,160,182,529
Pheasant Rump Nakota,409,Saskatchewan,77,82,13,10,0,0,0,0,0,0,110,134,426
Siksika Nation,430,Alberta,2051,2005,91,99,1,1,2,0,3,2,1551,1625,7431
O'Chiese,431,Alberta,436,463,36,26,0,0,0,0,2,0,200,212,1375
Tsuut'ina Nation,432,Alberta,969,1022,44,78,1,0,0,0,1,0,73,117,2305
Chiniki,433,Alberta,783,764,23,29,0,0,1,0,0,0,71,84,1755
Sunchild First Nation,434,Alberta,414,389,49,55,0,0,0,0,0,0,221,241,1369
Blood,435,Alberta,4170,4130,109,101,1,0,0,0,0,2,1794,2010,12317
Piikani Nation,436,Alberta,1198,1208,19,18,0,0,0,0,0,0,614,687,3744
Alexis Nakota Sioux Nation,437,Alberta,600,545,33,38,0,0,1,0,0,1,400,394,2012
Alexander,438,Alberta,536,502,34,42,0,0,0,1,2,2,556,520,2195
Louis Bull,439,Alberta,813,757,102,141,5,3,0,1,0,1,222,245,2290
Enoch Cree Nation #440,440,Alberta,851,837,17,20,0,3,0,0,1,1,396,473,2599
Paul,441,Alberta,659,656,61,59,0,0,1,0,0,0,330,362,2128
Montana,442,Alberta,343,350,35,40,0,0,0,0,1,0,127,131,1027
Ermineskin Tribe,443,Alberta,1608,1565,139,183,5,5,0,1,49,45,511,555,4666
Samson,444,Alberta,3012,2941,232,273,1,3,3,0,3,2,1005,1028,8503
Beaver First Nation,445,Alberta,223,211,17,17,0,0,0,3,1,0,305,309,1086
Tallcree,446,Alberta,258,242,35,26,0,0,2,1,0,0,372,391,1327
Little Red River Cree Nation,447,Alberta,2190,2152,78,73,232,212,2,5,2,3,315,353,5617
Dene Tha',448,Alberta,1056,1001,30,23,3,2,0,1,0,1,421,530,3068
Horse Lake First Nation,449,Alberta,259,229,7,7,0,0,0,0,0,0,331,359,1192
Driftpile First Nation,450,Alberta,506,423,25,25,0,0,0,0,0,0,873,908,2760
Duncan's First Nation,451,Alberta,74,71,0,0,0,0,1,0,1,0,80,82,309
Kapawe'no First Nation,452,Alberta,71,59,2,5,0,0,0,0,0,0,116,126,379
Lubicon Lake,453,Alberta,50,43,29,18,116,110,5,13,0,0,137,124,645
Sawridge First Nation,454,Alberta,23,19,2,4,0,0,0,0,1,0,232,221,502
Sturgeon Lake Cree Nation,455,Alberta,753,722,23,18,1,0,0,1,0,0,833,962,3313
Sucker Creek,456,Alberta,393,350,22,11,0,0,2,2,0,1,947,1094,2822
Swan River First Nation,457,Alberta,217,191,9,9,0,0,0,0,0,1,416,493,1336
Bigstone Cree Nation,458,Alberta,1516,1501,57,74,73,57,3,5,52,38,2183,2371,7930
Whitefish Lake,459,Alberta,638,609,64,68,1,2,14,13,78,102,591,587,2767
Beaver Lake Cree Nation,460,Alberta,206,183,15,9,0,0,0,0,7,3,361,390,1174
Mikisew Cree First Nation,461,Alberta,82,87,31,38,266,234,24,32,2,5,1113,1194,3108
Saddle Lake Cree Nation,462,Alberta,3247,3180,104,87,1,0,2,0,5,9,1841,2103,10579
Athabasca Chipewyan First Nation,463,Alberta,17,11,3,3,95,108,1,0,9,6,473,504,1230
Cold Lake First Nations,464,Alberta,712,626,31,25,1,0,1,0,2,0,680,832,2910
Frog Lake,465,Alberta,903,891,138,137,0,0,0,0,1,3,574,614,3261
Kehewin Cree Nation,466,Alberta,608,530,33,37,0,0,0,0,10,14,412,499,2143
Fort McKay First Nation,467,Alberta,203,205,5,5,2,2,0,0,0,2,210,224,858
Fort McMurray #468 First Nation,468,Alberta,129,146,3,7,0,1,1,0,0,1,215,270,773
Heart Lake,469,Alberta,103,92,8,12,0,0,0,0,0,0,74,62,351
Chipewyan Prairie First Nation,470,Alberta,206,178,7,5,0,0,0,0,0,0,255,284,935
Stoney,471,Alberta,0,0,0,0,0,0,0,0,0,0,0,0,0
Bearspaw,473,Alberta,864,898,22,32,0,0,0,0,1,0,77,78,1972
Woodland Cree First Nation,474,Alberta,387,389,9,12,4,2,12,9,0,1,156,145,1126
Wesley,475,Alberta,815,780,34,26,1,1,1,2,0,0,95,97,1852
Loon River Cree,476,Alberta,239,249,5,4,7,4,1,0,0,0,54,56,619
Smith's Landing First Nation,477,Alberta,0,0,0,0,84,75,0,0,1,0,104,95,359
Peerless Trout First Nation,478,Alberta,29,22,4,12,358,374,2,2,7,12,54,59,935
Aishihik,490,Yukon,1,0,0,1,43,44,2,2,0,1,33,60,187
Carcross/Tagish First Nation,491,Yukon,59,56,0,4,55,40,19,13,1,0,212,219,678
Little Salmon/Carmacks First Nation,492,Yukon,2,1,3,1,136,141,11,16,1,1,156,198,667
Champagne,493,Yukon,0,0,6,5,109,103,16,15,0,1,210,250,715
Tr'ondëk Hwëch'in,494,Yukon,3,0,1,4,92,82,6,2,0,1,314,325,830
First Nation of Nacho Nyak Dun,495,Yukon,2,3,0,1,76,80,0,1,1,1,183,205,553
Vuntut Gwitchin First Nation,496,Yukon,6,1,1,1,132,109,4,4,1,0,129,161,549
Ross River,497,Yukon,9,5,0,0,167,147,19,8,0,0,84,110,549
Selkirk First Nation,498,Yukon,1,4,4,1,154,149,13,14,0,1,140,162,643
Teslin Tlingit Council,499,Yukon,1,2,1,4,129,101,15,10,3,0,163,176,605
Kwanlin Dun First Nation,500,Yukon,1,5,11,6,306,256,8,12,2,3,187,186,983
Taku River Tlingit,501,Yukon,42,31,5,2,0,2,3,3,0,2,146,176,412
Liard First Nation,502,Yukon,80,60,18,14,177,127,27,13,3,1,328,364,1212
Kluane First Nation,503,Yukon,0,1,0,1,36,38,1,1,0,0,42,57,177
Dease River,504,Yukon,25,12,5,8,1,1,3,8,1,0,64,54,182
White River First Nation,506,Yukon,3,4,0,0,18,17,3,3,0,0,46,60,154
Champagne and Aishihik First Nations,507,Yukon,0,0,0,0,0,0,0,0,0,0,0,0,0
Ta'an Kwach'an,508,Yukon,13,9,0,1,33,40,3,3,0,0,78,91,271
Moricetown,530,Colombie-britannique,360,311,31,35,0,0,0,0,0,0,638,671,2046
Gitanmaax,531,Colombie-britannique,355,340,66,51,0,0,0,0,0,0,791,828,2431
Kispiox,532,Colombie-britannique,312,278,54,38,0,0,0,0,0,0,426,534,1642
Glen Vowell,533,Colombie-britannique,105,77,14,14,0,0,0,0,0,0,109,102,421
Hagwilget Village,534,Colombie-britannique,104,91,16,12,0,0,0,0,0,0,283,288,794
Gitsegukla,535,Colombie-britannique,202,211,30,20,0,0,0,0,0,0,279,258,1000
Gitwangak,536,Colombie-britannique,211,185,26,21,0,0,0,0,0,0,423,467,1333
Gitanyow,537,Colombie-britannique,186,177,25,21,0,0,0,0,0,0,237,214,860
Heiltsuk,538,Colombie-britannique,602,530,45,31,1,0,0,0,0,1,587,625,2422
Nuxalk Nation,539,Colombie-britannique,466,437,22,22,0,0,0,0,0,0,343,439,1729
Kitasoo,540,Colombie-britannique,161,142,4,6,0,0,0,0,0,0,84,117,514
Wuikinuxv Nation,541,Colombie-britannique,25,29,13,18,0,0,0,0,0,0,101,100,286
Saulteau First Nations,542,Colombie-britannique,189,175,15,13,3,8,0,0,0,0,303,374,1080
Fort Nelson First Nation,543,Colombie-britannique,211,199,9,9,0,0,7,0,0,0,240,264,939
Prophet River First Nation,544,Colombie-britannique,51,44,7,5,0,0,0,0,0,0,79,90,276
West Moberly First Nations,545,Colombie-britannique,65,59,1,3,0,1,0,0,0,0,83,95,307
Halfway River First Nation,546,Colombie-britannique,79,62,2,4,0,0,0,0,0,0,67,67,281
Blueberry River First Nations,547,Colombie-britannique,101,89,23,20,0,0,0,0,0,0,119,134,486
Doig River First Nation,548,Colombie-britannique,71,63,11,3,0,0,0,0,0,0,72,88,308
Tsleil-Waututh Nation,549,Colombie-britannique,150,137,22,25,0,0,0,0,0,0,107,149,590
Musqueam,550,Colombie-britannique,326,348,59,60,0,0,0,0,0,1,283,323,1400
Sechelt,551,Colombie-britannique,352,283,11,20,0,0,0,0,0,0,353,378,1397
Homalco,552,Colombie-britannique,127,104,4,7,0,0,0,0,0,0,117,116,475
Klahoose First Nation,553,Colombie-britannique,33,33,7,8,0,0,1,0,0,0,157,166,405
Tla'amin Nation,554,Colombie-britannique,299,294,4,7,0,0,0,0,0,0,234,264,1102
Squamish,555,Colombie-britannique,1094,1144,92,101,0,0,0,0,1,0,849,948,4229
N'Quatqua,556,Colombie-britannique,85,80,21,22,0,0,0,0,0,0,78,79,365
Lil'wat Nation,557,Colombie-britannique,751,692,47,38,0,0,0,0,0,1,322,355,2206
Aitchelitz,558,Colombie-britannique,10,10,3,2,0,0,0,0,0,0,12,5,42
Sts'ailes,559,Colombie-britannique,251,219,40,47,0,0,7,2,0,0,253,270,1089
Kwikwetlem First Nation,560,Colombie-britannique,26,14,3,1,0,0,0,0,0,0,33,27,104
Douglas,561,Colombie-britannique,38,26,25,24,0,0,0,0,0,0,97,126,336
Skatin Nations,562,Colombie-britannique,39,20,41,34,0,0,0,0,1,0,140,138,413
Katzie,563,Colombie-britannique,155,153,6,4,0,0,0,0,0,0,123,137,578
Kwantlen First Nation,564,Colombie-britannique,40,32,16,18,0,0,0,0,0,0,87,94,287
Matsqui,565,Colombie-britannique,49,51,8,8,0,0,0,0,0,0,69,80,265
New Westminster,566,Colombie-britannique,0,0,0,0,0,0,0,0,0,0,8,6,14
Samahquam,567,Colombie-britannique,37,33,24,20,0,0,0,0,0,0,117,137,368
Sq'éwlets,568,Colombie-britannique,47,35,19,13,0,0,0,0,0,0,78,74,266
Semiahmoo,569,Colombie-britannique,22,29,5,2,0,0,0,0,0,0,18,22,98
Shxwhá:y Village,570,Colombie-britannique,28,31,25,21,0,0,1,0,1,0,153,156,416
Skowkale,571,Colombie-britannique,75,83,10,17,1,1,0,0,0,0,36,39,262
Soowahlie,572,Colombie-britannique,82,85,20,6,0,0,1,0,0,0,78,101,373
Skwah,573,Colombie-britannique,121,113,19,28,0,0,0,0,0,0,109,127,517
Squiala First Nation,574,Colombie-britannique,71,40,15,19,0,1,1,0,0,0,39,34,220
Tzeachten,575,Colombie-britannique,115,129,15,10,1,1,0,0,1,0,125,138,535
Yakweakwioose,576,Colombie-britannique,18,18,1,1,0,0,0,0,0,0,10,26,74
Tsawwassen First Nation,577,Colombie-britannique,94,92,4,4,0,0,0,0,0,0,82,92,368
Sumas First Nation,578,Colombie-britannique,70,72,15,19,0,0,0,0,0,0,71,86,333
Leq' a: mel First Nation,579,Colombie-britannique,56,64,13,8,0,0,0,0,0,0,127,153,421
Kwaw-kwaw-Apilt,580,Colombie-britannique,18,12,2,2,0,0,0,0,0,0,5,6,45
Seabird Island,581,Colombie-britannique,282,298,21,26,0,0,0,0,0,0,177,195,999
Skawahlook First Nation,582,Colombie-britannique,3,4,3,1,0,0,0,0,0,0,34,46,91
Chawathil,583,Colombie-britannique,153,151,39,42,0,0,0,0,0,0,108,126,619
Cheam,584,Colombie-britannique,92,96,37,27,0,0,0,0,0,0,143,143,538
Popkum,585,Colombie-britannique,1,0,0,0,0,0,0,0,0,0,7,4,12
Peters First Nation,586,Colombie-britannique,24,20,1,2,0,0,0,0,0,0,58,60,165
Shxw'ow'hamel First Nation,587,Colombie-britannique,40,41,17,10,0,0,0,0,0,0,45,45,198
Union Bar First Nation,588,Colombie-britannique,4,3,0,2,0,0,0,0,0,1,62,58,130
Yale First Nation,589,Colombie-britannique,29,25,6,7,0,0,0,0,0,0,52,57,176
Bridge River,590,Colombie-britannique,95,102,12,24,0,0,0,0,0,0,117,108,458
Cayoose Creek,591,Colombie-britannique,37,35,7,8,0,0,0,0,0,0,56,57,200
Xaxli'p,592,Colombie-britannique,134,129,76,63,0,0,0,0,1,0,309,332,1044
T'it'q'et,593,Colombie-britannique,94,95,10,10,0,0,0,0,0,0,113,109,431
Ts'kw'aylaxw First Nation,594,Colombie-britannique,104,92,46,32,0,0,0,0,0,0,135,161,570
Tsal'alh,595,Colombie-britannique,129,132,58,45,2,0,0,0,0,0,173,162,701
Osoyoos,596,Colombie-britannique,180,152,33,24,0,0,0,0,0,0,63,89,541
Penticton,597,Colombie-britannique,287,288,34,32,0,0,0,0,0,0,212,220,1073
Lower Similkameen,598,Colombie-britannique,111,120,24,32,0,0,0,0,0,0,105,114,506
Upper Similkameen,599,Colombie-britannique,23,34,4,7,0,0,0,0,0,0,62,77,207
Splatsin,600,Colombie-britannique,169,156,43,32,0,1,0,0,0,0,220,280,901
Westbank First Nation,601,Colombie-britannique,221,207,10,13,0,0,0,0,1,2,214,207,875
?aqam,602,Colombie-britannique,95,96,11,16,0,0,0,0,0,0,84,89,391
Tobacco Plains,603,Colombie-britannique,46,33,11,3,0,0,0,0,0,0,53,61,207
?Akisq'nuk First Nation,604,Colombie-britannique,54,46,32,25,0,0,0,0,0,0,59,59,275
Shuswap,605,Colombie-britannique,46,41,15,18,0,0,0,0,0,0,68,78,266
Lower Kootenay,606,Colombie-britannique,52,59,9,3,0,0,0,0,0,0,52,67,242
Lake Babine Nation,607,Colombie-britannique,692,666,26,23,0,0,4,1,0,0,487,606,2505
Takla Lake First Nation,608,Colombie-britannique,106,99,6,4,0,0,0,0,0,0,273,335,823
Tsay Keh Dene,609,Colombie-britannique,3,2,6,5,114,121,0,0,0,0,123,115,489
Kwadacha,610,Colombie-britannique,145,146,9,3,0,0,0,0,0,0,120,138,561
Lheidli T'enneh,611,Colombie-britannique,49,46,1,1,0,0,0,0,0,0,164,168,429
Nadleh Whuten,612,Colombie-britannique,137,122,9,7,0,0,0,0,0,0,137,145,557
Stellat'en First Nation,613,Colombie-britannique,113,97,7,11,0,0,0,0,0,0,154,165,547
Nak'azdli Whut'en,614,Colombie-britannique,361,336,32,23,0,0,0,1,1,0,577,603,1934
Saik'uz First Nation,615,Colombie-britannique,182,150,6,5,0,0,0,0,0,0,270,356,969
Okanagan,616,Colombie-britannique,431,391,33,47,0,0,0,0,1,2,516,586,2007
Tl'azt'en Nation,617,Colombie-britannique,292,251,27,17,0,0,0,0,0,0,586,620,1793
McLeod Lake,618,Colombie-britannique,54,53,21,13,0,0,0,0,1,0,190,225,557
Burns Lake,619,Colombie-britannique,25,21,2,0,0,0,0,0,0,0,43,38,129
Cheslatta Carrier Nation,620,Colombie-britannique,71,71,9,11,0,0,0,0,1,2,83,108,356
Campbell River,622,Colombie-britannique,190,177,15,21,0,0,0,0,0,0,187,232,822
Cape Mudge,623,Colombie-britannique,187,162,16,16,0,0,0,0,1,1,350,405,1138
K'ómoks First Nation,624,Colombie-britannique,44,63,1,1,0,0,0,0,0,1,110,115,335
Kwikwasut'inuxw Haxwa'mis,625,Colombie-britannique,24,22,16,9,0,0,0,0,4,3,123,109,310
Kwakiutl,626,Colombie-britannique,159,157,24,11,0,0,0,1,1,0,216,232,801
Gwawaenuk Tribe,627,Colombie-britannique,8,4,0,0,0,0,0,0,0,0,14,14,40
Kwiakah,628,Colombie-britannique,0,0,2,5,0,0,0,0,0,0,8,7,22
Mamalilikulla First Nation,629,Colombie-britannique,4,4,24,31,0,0,0,0,2,0,182,179,426
Mowachaht/Muchalaht,630,Colombie-britannique,131,95,20,15,0,0,0,0,0,0,185,170,616
Namgis First Nation,631,Colombie-britannique,461,463,29,22,2,1,0,0,0,0,431,473,1882
Tlatlasikwala,632,Colombie-britannique,13,17,6,2,0,0,0,0,4,2,10,12,66
Quatsino,633,Colombie-britannique,122,114,10,6,0,0,0,0,0,0,141,162,555
Ehattesaht,634,Colombie-britannique,56,51,22,33,0,0,0,0,0,0,168,169,499
Da'naxda'xw First Nation,635,Colombie-britannique,8,11,8,6,0,0,0,0,9,11,87,87,227
Dzawada'enuxw First Nation,636,Colombie-britannique,43,35,31,34,0,0,0,0,0,0,191,197,531
Tlowitsis Tribe,637,Colombie-britannique,0,1,32,33,0,0,0,0,3,1,167,185,422
Ka:'yu:'k't'h'/Che:k:tles7et'h' First Nations,638,Colombie-britannique,83,81,10,9,0,0,0,0,0,0,191,199,573
Nuchatlaht,639,Colombie-britannique,11,13,4,7,0,0,0,0,0,0,54,73,162
Beecher Bay,640,Colombie-britannique,49,53,5,6,0,0,0,0,0,0,63,80,256
Stz'uminus First Nation,641,Colombie-britannique,384,343,61,65,0,0,0,0,0,0,194,272,1319
Cowichan,642,Colombie-britannique,1260,1230,171,151,0,0,0,0,0,0,1025,1120,4957
Lake Cowichan First Nation,643,Colombie-britannique,3,8,1,1,0,0,0,0,0,0,4,3,20
Esquimalt,644,Colombie-britannique,90,82,9,16,0,0,0,0,0,0,47,68,312
Halalt,645,Colombie-britannique,47,37,6,10,0,0,0,0,0,0,60,58,218
Lyackson,646,Colombie-britannique,10,6,12,12,0,0,0,0,0,0,80,96,216
Malahat First Nation,647,Colombie-britannique,74,55,30,26,0,0,0,0,0,0,77,75,337
Snuneymuxw First Nation,648,Colombie-britannique,306,280,58,74,0,0,0,0,0,1,533,563,1815
Nanoose First Nation,649,Colombie-britannique,76,90,2,7,0,0,0,0,0,0,36,39,250
Penelakut Tribe,650,Colombie-britannique,268,256,36,35,0,0,0,0,0,0,181,185,961
Qualicum First Nation,651,Colombie-britannique,26,25,0,2,0,0,2,2,1,0,24,46,128
Pauquachin,652,Colombie-britannique,122,105,11,17,0,0,0,0,0,0,49,101,405
Tsartlip,653,Colombie-britannique,282,254,71,57,0,0,0,0,0,0,161,182,1007
Tsawout First Nation,654,Colombie-britannique,278,253,48,50,0,0,0,0,0,0,122,168,919
Tseycum,655,Colombie-britannique,40,35,19,26,1,0,0,0,0,0,35,37,193
Songhees Nation,656,Colombie-britannique,175,168,10,28,0,0,0,0,0,0,92,98,571
T'Sou-ke First Nation,657,Colombie-britannique,61,69,1,1,0,0,0,0,0,0,53,76,261
Pacheedaht First Nation,658,Colombie-britannique,47,50,12,16,0,0,0,0,0,0,62,96,283
Ahousaht,659,Colombie-britannique,364,372,52,43,0,2,0,0,0,0,635,693,2161
Tla-o-qui-aht First Nations,660,Colombie-britannique,207,177,18,28,0,0,0,0,0,0,341,362,1133
Hesquiaht,661,Colombie-britannique,77,46,12,21,0,0,0,0,0,1,260,320,737
Ditidaht,662,Colombie-britannique,98,76,31,37,0,0,0,0,0,0,247,284,773
Huu-ay-aht First Nations,663,Colombie-britannique,45,56,19,12,0,0,0,0,0,0,287,302,721
Hupacasath First Nation,664,Colombie-britannique,62,69,9,9,0,0,0,0,0,0,104,76,329
Tseshaht,665,Colombie-britannique,216,227,16,24,0,0,0,0,0,0,321,394,1198
Toquaht,666,Colombie-britannique,4,5,7,3,0,0,0,0,0,1,67,67,154
Uchucklesaht,667,Colombie-britannique,6,20,1,5,0,0,0,0,0,0,94,98,224
Ucluelet First Nation,668,Colombie-britannique,113,91,9,10,0,0,0,0,0,0,219,227,669
Old Massett Village Council,669,Colombie-britannique,388,313,28,35,0,0,0,0,0,1,1085,1195,3045
Skidegate,670,Colombie-britannique,320,360,11,8,0,0,0,0,0,0,466,487,1652
Nisga'a Village of Gingolx,671,Colombie-britannique,225,185,35,34,0,0,2,0,0,0,762,766,2009
Gitxaala Nation,672,Colombie-britannique,229,196,29,17,0,0,0,0,0,0,716,796,1983
Metlakatla First Nation,673,Colombie-britannique,39,54,8,8,0,0,0,0,0,0,414,434,957
Lax Kw'alaams,674,Colombie-britannique,350,302,46,32,0,0,0,0,1,1,1513,1606,3851
Gitga'at First Nation,675,Colombie-britannique,67,71,9,9,0,0,0,0,0,0,286,312,754
Haisla Nation,676,Colombie-britannique,350,286,23,14,1,0,0,0,0,0,552,675,1901
Nisga'a Village of New Aiyansh,677,Colombie-britannique,462,405,26,21,0,0,0,0,0,0,464,480,1858
Nisga'a Village of Laxgalt'sap,678,Colombie-britannique,319,269,45,20,0,0,0,0,1,0,544,603,1801
Nisga'a Village of Gitwinksihlkw,679,Colombie-britannique,89,93,11,19,0,0,0,0,0,0,95,90,397
Kitselas,680,Colombie-britannique,138,161,7,7,0,0,0,0,0,0,164,186,663
Kitsumkalum,681,Colombie-britannique,126,121,6,4,0,0,0,0,0,0,237,257,751
Tahltan,682,Colombie-britannique,157,138,22,17,0,1,1,0,0,1,767,809,1913
Iskut,683,Colombie-britannique,173,146,17,19,0,0,0,0,0,0,199,212,766
Adams Lake,684,Colombie-britannique,183,176,34,25,0,0,0,0,0,0,169,214,801
Ashcroft,685,Colombie-britannique,39,33,3,2,0,0,0,0,0,0,104,95,276
Bonaparte,686,Colombie-britannique,76,76,26,23,0,0,0,0,1,0,349,397,948
Skeetchestn,687,Colombie-britannique,117,107,15,14,0,0,0,0,0,0,137,147,537
Tk'emlúps te Secwépemc,688,Colombie-britannique,267,286,51,50,0,0,0,0,0,1,307,373,1335
Little Shuswap Lake,689,Colombie-britannique,107,89,22,19,0,0,0,0,0,0,61,51,349
Neskonlith,690,Colombie-britannique,140,127,29,28,0,0,1,0,0,0,166,167,658
Simpcw First Nation,691,Colombie-britannique,110,110,15,13,0,0,0,0,0,0,218,255,721
Oregon Jack Creek,692,Colombie-britannique,12,4,4,3,0,0,0,0,0,0,13,32,68
Coldwater,693,Colombie-britannique,167,161,26,30,0,0,0,0,0,0,219,251,854
Cook's Ferry,694,Colombie-britannique,23,29,19,10,0,0,0,0,0,0,127,140,348
Lower Nicola,695,Colombie-britannique,261,241,25,29,0,0,0,0,1,2,313,384,1256
Nicomen,696,Colombie-britannique,25,25,9,7,0,0,0,0,0,0,40,28,134
Upper Nicola,697,Colombie-britannique,195,176,24,32,0,0,0,0,1,0,279,266,973
Shackan,698,Colombie-britannique,40,29,5,4,0,0,0,0,0,0,27,28,133
Nooaitch,699,Colombie-britannique,55,49,8,12,0,0,0,0,0,0,54,57,235
Boothroyd,700,Colombie-britannique,38,25,12,11,0,0,0,0,0,0,101,97,284
Boston Bar First Nation,701,Colombie-britannique,48,37,3,4,0,0,0,0,0,0,93,86,271
Whispering Pines/Clinton,702,Colombie-britannique,31,21,1,6,0,0,0,0,0,0,54,45,158
High Bar,703,Colombie-britannique,0,1,0,1,0,0,0,0,0,1,69,75,147
Kanaka Bar,704,Colombie-britannique,35,28,9,7,0,0,0,0,0,0,89,69,237
Lytton,705,Colombie-britannique,417,377,78,71,0,1,0,0,0,0,502,577,2023
Siska,706,Colombie-britannique,46,45,7,7,0,0,0,0,0,0,103,109,317
Skuppah,707,Colombie-britannique,31,25,6,2,0,0,0,0,0,0,20,36,120
Spuzzum,708,Colombie-britannique,27,18,1,1,0,0,0,0,2,1,119,124,293
?Esdilagh First Nation,709,Colombie-britannique,38,13,2,2,0,1,0,0,0,0,63,85,204
Alexis Creek,710,Colombie-britannique,176,147,4,21,0,0,0,1,0,0,150,197,696
Esk'etemc,711,Colombie-britannique,209,187,27,19,0,0,0,0,0,1,278,280,1001
Tl'etinqox Government,712,Colombie-britannique,299,236,26,20,2,2,1,0,0,0,463,552,1601
Canim Lake,713,Colombie-britannique,209,210,9,8,0,0,0,0,0,0,81,90,607
Xeni Gwet'in First Nations Government,714,Colombie-britannique,99,98,21,27,1,4,0,0,0,0,87,96,433
Lhtako Dene Nation,715,Colombie-britannique,34,48,1,4,0,0,0,0,0,0,34,56,177
Soda Creek,716,Colombie-britannique,75,66,18,18,0,0,0,0,0,0,123,134,434
Yunesit'in Government,717,Colombie-britannique,119,114,13,18,0,0,0,0,3,2,100,101,470
Toosey,718,Colombie-britannique,68,76,12,9,0,0,0,0,0,0,76,104,345
Williams Lake,719,Colombie-britannique,108,124,22,22,0,0,0,0,1,0,249,296,822
Nazko First Nation,720,Colombie-britannique,68,44,6,7,0,0,0,0,0,0,125,137,387
Lhoosk'uz Dene Nation,721,Colombie-britannique,16,15,16,9,0,0,0,0,0,0,82,102,240
Ulkatcho,722,Colombie-britannique,314,317,22,25,0,0,0,0,0,0,169,207,1054
Stswecem'c Xgat'tem First Nation,723,Colombie-britannique,140,113,28,21,1,1,0,1,0,0,230,221,756
Gwa'Sala-Nakwaxda'xw,724,Colombie-britannique,313,264,11,13,0,0,0,0,0,0,182,228,1011
Wet'suwet'en First Nation,725,Colombie-britannique,31,50,4,5,1,0,0,0,0,0,86,70,247
Nee-Tahi-Buhn,726,Colombie-britannique,24,15,8,8,0,0,0,0,0,0,38,57,150
Yekooche First Nation,728,Colombie-britannique,57,45,4,7,0,0,0,0,1,0,59,64,237
Skin Tyee,729,Colombie-britannique,26,27,4,1,0,0,0,0,0,0,78,47,183
Tulita Dene,750,Territoires du nord-ouest,1,0,2,4,198,188,3,2,0,0,134,175,707
Tetlit Gwich'in,751,Territoires du nord-ouest,5,1,2,1,467,466,2,4,0,1,239,264,1452
Fort Good Hope,752,Territoires du nord-ouest,2,1,0,2,300,279,1,0,0,0,143,170,898
Gwichya Gwich'in,753,Territoires du nord-ouest,2,1,1,1,121,109,1,1,0,1,113,134,485
Deline First Nation,754,Territoires du nord-ouest,0,2,2,2,440,435,0,0,0,1,66,82,1030
Aklavik,755,Territoires du nord-ouest,3,1,0,0,134,128,1,0,0,0,78,100,445
Pehdzeh Ki First Nation,756,Territoires du nord-ouest,0,0,0,1,122,147,0,0,0,1,45,35,351
Liidlii Kue First Nation,757,Territoires du nord-ouest,1,1,3,0,383,369,0,6,2,1,284,282,1332
Acho Dene Koe First Nation,758,Territoires du nord-ouest,1,0,7,7,264,271,0,0,0,1,69,81,701
Salt River First Nation #195,759,Territoires du nord-ouest,3,2,3,5,133,136,1,1,0,0,350,351,985
Deh Gáh Got'ie Dene First Nation,760,Territoires du nord-ouest,0,0,3,4,406,393,0,0,1,1,132,161,1101
K'atlodeeche First Nation,761,Territoires du nord-ouest,107,125,2,7,89,84,0,0,1,0,120,114,649
Deninu K'ue First Nation,762,Territoires du nord-ouest,1,0,2,2,233,217,15,2,0,1,215,233,921
Yellowknives Dene First Nation,763,Territoires du nord-ouest,5,1,3,2,349,333,34,39,0,1,347,448,1562
Lutsel K'e Dene First Nation,764,Territoires du nord-ouest,2,8,3,2,265,238,2,4,0,0,118,149,791
Dog Rib Rae,765,Territoires du nord-ouest,5,4,1,0,1185,1123,82,67,1,1,321,380,3170
Nahanni Butte,766,Territoires du nord-ouest,1,0,0,0,58,66,1,0,0,0,9,10,145
Sambaa K'e First Nation,767,Territoires du nord-ouest,0,0,0,0,41,60,0,0,0,0,8,8,117
Ka'a'gee Tu First Nation,768,Territoires du nord-ouest,0,0,0,1,28,23,0,0,0,0,12,10,74
Wha Ti First Nation,769,Territoires du nord-ouest,0,1,0,0,332,300,2,6,0,0,15,21,677
Jean Marie River First Nation,770,Territoires du nord-ouest,0,1,0,0,52,63,0,0,0,0,18,15,149
"Behdzi Ahda"" First Nation",771,Territoires du nord-ouest,0,2,0,0,92,97,2,1,0,0,23,19,236
West Point First Nation,772,Territoires du nord-ouest,7,8,0,0,8,13,0,0,0,0,21,17,74
Gameti First Nation,773,Territoires du nord-ouest,1,1,0,0,166,141,14,18,0,0,6,8,355
Dechi Laot'i First Nations,774,Territoires du nord-ouest,0,0,0,0,79,91,2,0,0,0,7,11,190
Inuvik Native,780,Territoires du nord-ouest,2,2,0,1,80,115,1,2,0,0,181,228,612
